time,x,y,z
5.139,-0.251,0.950,0.028
5.141,-0.256,0.954,0.025
5.143,-0.249,0.954,0.033
5.145,-0.246,0.947,0.026
5.146,-0.244,0.946,0.028
5.148,-0.228,0.945,0.023
5.150,-0.230,0.950,0.025
5.151,-0.229,0.954,0.025
5.153,-0.224,0.949,0.028
5.154,-0.223,0.950,0.027
5.156,-0.225,0.956,0.028
5.158,-0.232,0.950,0.020
5.159,-0.242,0.964,0.003
5.161,-0.249,0.964,0.005
5.162,-0.252,0.961,0.014
5.164,-0.251,0.960,0.007
5.165,-0.253,0.956,0.019
5.167,-0.249,0.957,0.017
5.178,-0.246,0.957,0.035
5.179,-0.244,0.953,0.037
5.179,-0.237,0.957,0.030
5.184,-0.241,0.953,0.034
5.190,-0.241,0.945,0.019
5.194,-0.240,0.944,0.010
5.200,-0.242,0.941,0.016
5.205,-0.233,0.942,0.009
5.210,-0.238,0.936,0.019
5.215,-0.241,0.943,0.026
5.220,-0.238,0.944,0.018
5.225,-0.235,0.950,0.016
5.230,-0.230,0.959,0.026
5.235,-0.234,0.965,0.020
5.240,-0.227,0.974,0.023
5.245,-0.223,0.976,0.023
5.250,-0.223,0.975,0.034
5.255,-0.219,0.978,0.027
5.260,-0.219,0.981,0.022
5.265,-0.216,0.983,0.022
5.270,-0.216,0.978,0.010
5.275,-0.220,0.978,0.020
5.280,-0.221,0.974,0.029
5.285,-0.222,0.967,0.033
5.290,-0.219,0.964,0.034
5.296,-0.224,0.961,0.031
5.300,-0.225,0.947,0.038
5.307,-0.228,0.950,0.030
5.311,-0.229,0.944,0.032
5.319,-0.234,0.941,0.030
5.323,-0.238,0.937,0.024
5.326,-0.238,0.932,0.018
5.331,-0.239,0.935,0.018
5.336,-0.241,0.931,0.024
5.341,-0.242,0.940,0.020
5.350,-0.248,0.944,0.017
5.351,-0.242,0.939,0.020
5.358,-0.235,0.943,0.030
5.361,-0.247,0.948,0.027
5.366,-0.242,0.948,0.025
5.371,-0.252,0.958,0.023
5.519,-0.245,0.966,0.023
5.520,-0.244,0.969,0.022
5.520,-0.249,0.966,0.025
5.521,-0.248,0.972,0.009
5.522,-0.251,0.977,0.018
5.523,-0.249,0.970,0.016
5.524,-0.249,0.975,0.025
5.524,-0.250,0.969,0.018
5.525,-0.246,0.972,0.022
5.526,-0.257,0.966,0.022
5.527,-0.254,0.968,0.027
5.527,-0.250,0.965,0.029
5.528,-0.220,0.959,0.034
5.529,-0.223,0.962,0.017
5.540,-0.214,0.967,0.008
5.541,-0.207,0.968,-0.002
5.551,-0.212,0.967,0.002
5.553,-0.203,0.972,0.002
5.554,-0.203,0.968,0.012
5.557,-0.196,0.968,0.020
5.562,-0.197,0.962,0.030
5.567,-0.199,0.965,0.033
5.572,-0.192,0.969,0.031
5.577,-0.193,0.959,0.044
5.582,-0.189,0.965,0.034
5.587,-0.198,0.962,0.032
5.593,-0.196,0.956,0.031
5.597,-0.193,0.958,0.031
5.603,-0.196,0.952,0.031
5.608,-0.197,0.955,0.039
5.613,-0.201,0.960,0.035
5.618,-0.190,0.966,0.039
5.623,-0.196,0.964,0.037
5.628,-0.196,0.959,0.032
5.633,-0.194,0.961,0.029
5.638,-0.202,0.967,0.033
5.643,-0.211,0.966,0.013
5.648,-0.202,0.965,0.020
5.653,-0.203,0.967,0.024
5.832,-0.210,0.964,0.025
5.832,-0.211,0.964,0.042
5.833,-0.213,0.961,0.043
5.834,-0.219,0.961,0.042
5.835,-0.218,0.962,0.043
5.835,-0.224,0.956,0.036
5.836,-0.215,0.955,0.032
5.837,-0.218,0.958,0.030
5.837,-0.212,0.953,0.020
5.838,-0.206,0.956,0.030
5.839,-0.215,0.955,0.023
5.840,-0.214,0.958,0.024
5.841,-0.222,0.956,0.025
5.841,-0.223,0.954,0.023
5.844,-0.221,0.955,0.019
5.849,-0.224,0.961,0.009
5.858,-0.229,0.957,0.016
5.860,-0.226,0.955,0.022
5.868,-0.223,0.956,0.016
5.869,-0.221,0.964,0.022
5.875,-0.219,0.964,0.033
5.880,-0.223,0.968,0.032
5.885,-0.217,0.966,0.026
5.890,-0.216,0.968,0.025
5.895,-0.214,0.967,0.024
5.900,-0.211,0.968,0.020
5.905,-0.216,0.965,0.030
5.910,-0.218,0.963,0.022
5.915,-0.210,0.966,0.023
5.920,-0.219,0.962,0.027
5.925,-0.214,0.962,0.035
5.930,-0.216,0.963,0.039
5.935,-0.213,0.960,0.038
5.941,-0.219,0.954,0.039
5.945,-0.215,0.955,0.040
5.951,-0.219,0.961,0.037
5.956,-0.220,0.955,0.033
5.960,-0.226,0.963,0.028
5.966,-0.219,0.963,0.019
5.970,-0.224,0.964,0.020
5.976,-0.225,0.965,0.017
5.981,-0.228,0.961,0.017
5.986,-0.232,0.964,0.019
5.991,-0.225,0.965,0.023
5.996,-0.221,0.961,0.024
6.000,-0.225,0.967,0.024
6.006,-0.220,0.966,0.027
6.010,-0.220,0.964,0.025
6.016,-0.226,0.964,0.020
6.021,-0.220,0.963,0.013
6.026,-0.216,0.968,0.011
6.031,-0.216,0.968,0.012
6.036,-0.213,0.972,0.010
6.041,-0.210,0.972,0.002
6.047,-0.207,0.970,0.005
6.052,-0.205,0.970,0.021
6.057,-0.206,0.971,0.017
6.062,-0.210,0.971,0.026
6.068,-0.206,0.970,0.028
6.075,-0.210,0.969,0.022
6.078,-0.206,0.967,0.018
6.326,-0.204,0.962,0.012
6.328,-0.204,0.959,0.009
6.329,-0.203,0.961,0.020
6.331,-0.207,0.951,0.023
6.333,-0.204,0.954,0.026
6.335,-0.206,0.959,0.024
6.336,-0.202,0.958,0.029
6.338,-0.204,0.965,0.028
6.339,-0.202,0.968,0.018
6.341,-0.203,0.973,0.024
6.343,-0.203,0.972,0.022
6.344,-0.200,0.971,0.027
6.346,-0.190,0.973,0.018
6.348,-0.188,0.973,0.017
6.350,-0.185,0.970,0.021
6.352,-0.185,0.973,0.023
6.353,-0.186,0.973,0.019
6.356,-0.179,0.971,0.024
6.379,-0.178,0.972,0.019
6.380,-0.182,0.975,0.016
6.381,-0.177,0.976,0.018
6.381,-0.170,0.977,0.012
6.382,-0.177,0.974,0.014
6.383,-0.174,0.971,0.011
6.388,-0.178,0.974,0.005
6.393,-0.176,0.978,0.018
6.398,-0.180,0.975,0.018
6.403,-0.174,0.971,0.013
6.408,-0.182,0.973,0.020
6.413,-0.180,0.969,0.019
6.418,-0.185,0.969,0.015
6.423,-0.186,0.974,0.010
6.428,-0.185,0.969,0.008
6.433,-0.187,0.965,0.011
6.438,-0.186,0.964,0.005
6.443,-0.185,0.966,0.007
6.449,-0.187,0.964,0.008
6.453,-0.188,0.970,0.017
6.459,-0.187,0.970,0.014
6.464,-0.182,0.966,0.011
6.469,-0.189,0.958,0.018
6.474,-0.194,0.968,0.014
6.479,-0.191,0.961,0.012
6.680,-0.190,0.956,0.019
6.682,-0.209,0.955,0.013
6.683,-0.187,0.960,0.009
6.685,-0.186,0.960,0.010
6.687,-0.182,0.962,0.005
6.688,-0.189,0.968,0.003
6.690,-0.190,0.967,0.015
6.691,-0.190,0.962,0.019
6.693,-0.186,0.968,0.018
6.695,-0.191,0.969,0.018
6.696,-0.197,0.966,0.029
6.698,-0.190,0.965,0.023
6.700,-0.217,0.967,0.014
6.701,-0.213,0.967,0.007
6.703,-0.211,0.964,0.009
6.704,-0.203,0.963,0.014
6.706,-0.210,0.962,0.012
6.708,-0.207,0.962,0.013
6.725,-0.203,0.966,0.012
6.726,-0.210,0.962,0.014
6.726,-0.206,0.966,0.017
6.727,-0.203,0.966,0.021
6.731,-0.212,0.963,0.023
6.735,-0.204,0.963,0.026
6.741,-0.209,0.966,0.017
6.746,-0.217,0.962,0.017
6.751,-0.210,0.966,0.016
6.756,-0.218,0.962,0.020
6.761,-0.220,0.970,0.019
6.766,-0.222,0.965,0.021
6.771,-0.219,0.965,0.017
6.776,-0.217,0.967,0.018
6.781,-0.224,0.967,0.022
6.786,-0.224,0.962,0.017
6.791,-0.225,0.964,0.019
6.796,-0.218,0.966,0.008
6.801,-0.216,0.960,0.013
6.806,-0.214,0.956,0.015
6.812,-0.216,0.958,0.013
6.816,-0.212,0.963,0.018
6.821,-0.214,0.962,0.007
6.826,-0.214,0.966,0.011
6.831,-0.213,0.961,0.016
6.836,-0.220,0.964,0.013
6.841,-0.216,0.965,0.018
6.846,-0.215,0.970,0.031
6.851,-0.215,0.966,0.027
6.856,-0.220,0.967,0.026
6.861,-0.215,0.967,0.020
6.866,-0.218,0.959,0.016
6.872,-0.217,0.964,0.017
6.877,-0.221,0.962,0.009
6.882,-0.218,0.965,0.017
6.887,-0.216,0.961,0.018
6.892,-0.214,0.958,0.016
6.897,-0.216,0.958,0.010
6.902,-0.211,0.954,0.013
7.066,-0.218,0.960,0.015
7.067,-0.207,0.963,0.016
7.069,-0.205,0.960,0.014
7.070,-0.209,0.964,0.019
7.072,-0.211,0.968,0.018
7.073,-0.212,0.971,0.021
7.074,-0.212,0.966,0.017
7.076,-0.204,0.967,0.023
7.078,-0.207,0.967,0.017
7.080,-0.208,0.966,0.021
7.081,-0.205,0.970,0.023
7.083,-0.194,0.969,0.020
7.085,-0.191,0.971,0.012
7.086,-0.186,0.974,0.014
7.088,-0.188,0.971,0.008
7.090,-0.195,0.966,0.023
7.092,-0.197,0.964,0.015
7.094,-0.199,0.958,0.012
7.124,-0.200,0.961,0.013
7.125,-0.195,0.959,0.012
7.126,-0.201,0.965,0.017
7.126,-0.197,0.964,0.009
7.127,-0.194,0.960,0.007
7.127,-0.196,0.968,0.008
7.129,-0.198,0.974,0.013
7.133,-0.183,0.974,0.016
7.138,-0.187,0.972,0.014
7.143,-0.192,0.966,0.007
7.148,-0.184,0.970,0.015
7.154,-0.184,0.974,0.015
7.159,-0.178,0.971,0.010
7.164,-0.174,0.972,0.022
7.169,-0.182,0.968,0.014
7.174,-0.181,0.971,0.014
7.179,-0.178,0.967,0.010
7.184,-0.181,0.966,0.015
7.189,-0.187,0.965,0.024
7.194,-0.184,0.960,0.022
7.199,-0.190,0.964,0.014
7.204,-0.197,0.963,0.008
7.209,-0.199,0.963,0.012
7.214,-0.197,0.963,0.013
7.219,-0.208,0.960,0.018
7.224,-0.201,0.959,0.004
7.406,-0.198,0.959,0.006
7.407,-0.207,0.961,0.013
7.408,-0.204,0.960,0.010
7.408,-0.195,0.964,0.021
7.409,-0.195,0.964,0.015
7.409,-0.193,0.965,0.014
7.410,-0.192,0.968,0.020
7.411,-0.195,0.967,0.014
7.411,-0.196,0.966,0.014
7.412,-0.190,0.969,0.011
7.413,-0.197,0.969,0.011
7.413,-0.194,0.967,0.018
7.414,-0.193,0.973,0.004
7.416,-0.186,0.973,0.015
7.420,-0.189,0.970,0.018
7.425,-0.192,0.973,0.022
7.430,-0.185,0.969,0.024
7.435,-0.186,0.967,0.018
7.440,-0.190,0.963,0.022
7.446,-0.189,0.961,0.011
7.451,-0.194,0.964,0.005
7.456,-0.196,0.969,0.010
7.461,-0.193,0.970,0.011
7.466,-0.194,0.972,0.008
7.471,-0.193,0.966,0.007
7.483,-0.194,0.972,0.007
7.485,-0.194,0.968,0.014
7.486,-0.193,0.967,0.007
7.491,-0.188,0.966,0.008
7.496,-0.191,0.964,0.012
7.501,-0.191,0.964,0.015
7.506,-0.185,0.970,0.009
7.511,-0.189,0.971,0.008
7.517,-0.185,0.964,0.004
7.521,-0.185,0.967,0.002
7.527,-0.188,0.963,0.005
7.532,-0.185,0.969,0.009
7.537,-0.187,0.968,0.006
7.542,-0.179,0.968,0.005
7.547,-0.187,0.965,0.008
7.552,-0.181,0.975,0.002
7.557,-0.177,0.972,0.006
7.562,-0.181,0.974,0.011
7.567,-0.172,0.973,0.012
7.572,-0.178,0.971,0.011
7.577,-0.169,0.978,0.012
7.582,-0.179,0.972,0.011
7.587,-0.174,0.965,0.013
7.592,-0.178,0.969,0.016
7.597,-0.180,0.968,0.019
7.602,-0.183,0.966,0.022
7.607,-0.182,0.966,0.018
7.612,-0.188,0.971,0.023
7.617,-0.182,0.968,0.024
7.622,-0.186,0.969,0.026
7.627,-0.182,0.968,0.020
7.804,-0.187,0.968,0.014
7.805,-0.188,0.965,0.026
7.805,-0.192,0.962,0.021
7.806,-0.187,0.965,0.016
7.807,-0.189,0.963,0.023
7.807,-0.187,0.961,0.023
7.808,-0.187,0.959,0.022
7.809,-0.193,0.970,0.022
7.809,-0.192,0.963,0.021
7.810,-0.194,0.964,0.017
7.811,-0.189,0.966,0.013
7.811,-0.187,0.973,0.018
7.812,-0.207,0.953,0.027
7.822,-0.204,0.960,0.027
7.823,-0.196,0.963,0.024
7.823,-0.200,0.972,0.023
7.829,-0.193,0.965,0.009
7.833,-0.192,0.970,0.017
7.839,-0.198,0.973,0.019
7.844,-0.195,0.969,0.016
7.849,-0.194,0.973,0.017
7.853,-0.189,0.970,0.022
7.859,-0.194,0.969,0.022
7.864,-0.195,0.967,0.018
7.869,-0.193,0.971,0.017
7.874,-0.193,0.969,0.022
7.879,-0.198,0.970,0.017
7.884,-0.199,0.978,0.021
7.889,-0.194,0.977,0.029
7.894,-0.201,0.974,0.031
7.899,-0.202,0.971,0.034
7.904,-0.196,0.969,0.028
7.910,-0.206,0.966,0.022
7.914,-0.205,0.963,0.020
7.920,-0.211,0.965,0.023
7.925,-0.211,0.970,0.023
7.930,-0.208,0.962,0.024
7.935,-0.212,0.965,0.034
7.939,-0.211,0.967,0.034
7.945,-0.214,0.960,0.033
7.949,-0.211,0.965,0.034
7.957,-0.206,0.961,0.034
7.964,-0.216,0.963,0.024
7.967,-0.210,0.963,0.028
8.249,-0.218,0.960,0.032
8.250,-0.208,0.960,0.032
8.251,-0.209,0.966,0.041
8.251,-0.208,0.967,0.029
8.252,-0.204,0.960,0.037
8.252,-0.208,0.962,0.032
8.253,-0.209,0.965,0.031
8.254,-0.202,0.966,0.041
8.254,-0.197,0.966,0.037
8.255,-0.202,0.963,0.032
8.256,-0.205,0.964,0.020
8.256,-0.201,0.966,0.031
8.257,-0.198,0.965,0.022
8.257,-0.199,0.965,0.034
8.261,-0.198,0.969,0.029
8.266,-0.199,0.971,0.037
8.271,-0.196,0.965,0.041
8.277,-0.199,0.970,0.046
8.282,-0.206,0.965,0.042
8.287,-0.207,0.966,0.040
8.292,-0.207,0.964,0.032
8.297,-0.204,0.965,0.038
8.302,-0.214,0.961,0.034
8.307,-0.209,0.964,0.030
8.312,-0.206,0.963,0.033
8.317,-0.211,0.959,0.024
8.322,-0.213,0.955,0.033
8.327,-0.213,0.962,0.027
8.332,-0.209,0.959,0.025
8.337,-0.206,0.962,0.027
8.342,-0.200,0.958,0.035
8.347,-0.197,0.968,0.032
8.353,-0.193,0.965,0.032
8.357,-0.197,0.966,0.036
8.363,-0.195,0.969,0.028
8.368,-0.194,0.968,0.033
8.373,-0.197,0.968,0.038
8.377,-0.199,0.967,0.022
8.383,-0.195,0.967,0.024
8.387,-0.202,0.966,0.036
8.392,-0.202,0.964,0.035
8.398,-0.203,0.964,0.026
8.403,-0.207,0.965,0.024
8.408,-0.200,0.965,0.026
8.413,-0.208,0.970,0.022
8.418,-0.200,0.965,0.041
8.423,-0.195,0.970,0.039
8.428,-0.196,0.969,0.038
8.433,-0.190,0.965,0.026
8.438,-0.187,0.976,0.032
8.443,-0.181,0.972,0.027
8.448,-0.186,0.967,0.026
8.453,-0.182,0.971,0.026
8.458,-0.179,0.972,0.033
8.464,-0.180,0.969,0.032
8.468,-0.185,0.966,0.021
8.678,-0.191,0.965,0.026
8.679,-0.194,0.968,0.034
8.680,-0.195,0.958,0.021
8.681,-0.202,0.963,0.030
8.682,-0.205,0.964,0.028
8.683,-0.207,0.962,0.034
8.684,-0.211,0.959,0.027
8.685,-0.208,0.963,0.028
8.686,-0.206,0.965,0.029
8.687,-0.206,0.962,0.034
8.688,-0.202,0.966,0.035
8.689,-0.200,0.971,0.033
8.690,-0.196,0.967,0.043
8.691,-0.195,0.965,0.033
8.692,-0.194,0.966,0.041
8.709,-0.201,0.968,0.041
8.710,-0.196,0.971,0.043
8.711,-0.194,0.970,0.028
8.712,-0.197,0.969,0.031
8.715,-0.196,0.962,0.032
8.720,-0.195,0.965,0.024
8.725,-0.195,0.964,0.029
8.730,-0.193,0.964,0.026
8.735,-0.203,0.958,0.028
8.740,-0.194,0.964,0.028
8.745,-0.199,0.963,0.024
8.750,-0.207,0.966,0.026
8.755,-0.203,0.973,0.022
8.760,-0.200,0.971,0.030
8.765,-0.195,0.967,0.024
8.770,-0.192,0.971,0.029
8.775,-0.197,0.967,0.034
8.781,-0.192,0.966,0.020
8.785,-0.194,0.960,0.027
8.790,-0.192,0.964,0.031
8.796,-0.194,0.964,0.029
8.800,-0.188,0.961,0.025
8.805,-0.198,0.965,0.024
8.811,-0.193,0.964,0.032
8.815,-0.199,0.963,0.028
8.820,-0.198,0.962,0.024
8.825,-0.198,0.966,0.029
8.831,-0.203,0.966,0.025
8.836,-0.204,0.965,0.029
8.841,-0.202,0.972,0.035
8.846,-0.205,0.969,0.026
9.096,-0.204,0.969,0.028
9.098,-0.207,0.968,0.025
9.100,-0.204,0.968,0.034
9.101,-0.206,0.969,0.029
9.103,-0.203,0.970,0.033
9.105,-0.201,0.969,0.038
9.106,-0.200,0.965,0.025
9.108,-0.198,0.964,0.021
9.110,-0.204,0.968,0.028
9.111,-0.203,0.962,0.028
9.113,-0.200,0.966,0.021
9.116,-0.202,0.969,0.024
9.117,-0.207,0.962,0.024
9.119,-0.202,0.969,0.024
9.121,-0.200,0.966,0.024
9.123,-0.198,0.965,0.021
9.124,-0.200,0.967,0.028
9.125,-0.197,0.968,0.023
9.130,-0.198,0.962,0.028
9.132,-0.197,0.963,0.024
9.138,-0.197,0.960,0.026
9.143,-0.195,0.968,0.027
9.148,-0.192,0.967,0.016
9.153,-0.193,0.970,0.015
9.158,-0.193,0.970,0.014
9.163,-0.194,0.970,0.018
9.168,-0.198,0.971,0.012
9.173,-0.198,0.970,0.014
9.178,-0.201,0.964,0.018
9.183,-0.198,0.969,0.011
9.188,-0.203,0.969,0.022
9.193,-0.199,0.966,0.015
9.198,-0.197,0.959,0.023
9.203,-0.202,0.961,0.021
9.208,-0.194,0.960,0.020
9.213,-0.192,0.963,0.024
9.218,-0.191,0.961,0.022
9.223,-0.190,0.963,0.027
9.228,-0.196,0.969,0.020
9.233,-0.193,0.970,0.025
9.238,-0.198,0.968,0.027
9.243,-0.191,0.970,0.021
9.249,-0.198,0.969,0.019
9.253,-0.200,0.966,0.026
9.259,-0.194,0.967,0.008
9.264,-0.192,0.965,0.021
9.270,-0.191,0.967,0.022
9.274,-0.193,0.968,0.028
9.279,-0.199,0.966,0.022
9.284,-0.195,0.970,0.023
9.289,-0.199,0.969,0.023
9.294,-0.194,0.967,0.023
9.299,-0.194,0.971,0.012
9.305,-0.192,0.963,0.015
9.449,-0.194,0.966,0.013
9.451,-0.189,0.964,0.019
9.452,-0.193,0.963,0.016
9.454,-0.188,0.961,0.024
9.456,-0.197,0.962,0.020
9.458,-0.193,0.965,0.027
9.459,-0.189,0.959,0.028
9.461,-0.188,0.963,0.029
9.463,-0.198,0.967,0.026
9.465,-0.197,0.963,0.022
9.467,-0.202,0.965,0.022
9.468,-0.198,0.966,0.029
9.470,-0.207,0.961,0.030
9.472,-0.205,0.969,0.036
9.473,-0.204,0.962,0.037
9.475,-0.207,0.967,0.033
9.477,-0.201,0.975,0.030
9.478,-0.203,0.964,0.016
9.510,-0.199,0.970,0.026
9.512,-0.199,0.964,0.019
9.513,-0.203,0.967,0.023
9.517,-0.203,0.965,0.019
9.519,-0.208,0.967,0.024
9.521,-0.206,0.965,0.018
9.523,-0.208,0.959,0.018
9.525,-0.202,0.965,0.017
9.525,-0.209,0.961,0.019
9.526,-0.204,0.962,0.022
9.531,-0.202,0.966,0.022
9.537,-0.202,0.967,0.018
9.541,-0.195,0.967,0.011
9.545,-0.195,0.967,0.024
9.551,-0.193,0.975,0.021
9.556,-0.190,0.970,0.021
9.561,-0.187,0.971,0.026
9.566,-0.193,0.969,0.023
9.571,-0.194,0.970,0.026
9.576,-0.192,0.967,0.024
9.581,-0.201,0.964,0.032
9.586,-0.200,0.962,0.023
9.591,-0.201,0.963,0.026
9.596,-0.210,0.966,0.030
9.601,-0.200,0.961,0.028
9.606,-0.201,0.964,0.029
9.611,-0.209,0.957,0.021
9.616,-0.203,0.963,0.024
9.621,-0.201,0.962,0.023
9.797,-0.200,0.969,0.021
9.798,-0.200,0.961,0.027
9.798,-0.199,0.964,0.025
9.799,-0.194,0.961,0.030
9.800,-0.198,0.967,0.037
9.800,-0.193,0.965,0.032
9.801,-0.197,0.966,0.022
9.802,-0.193,0.961,0.028
9.803,-0.200,0.961,0.022
9.803,-0.198,0.964,0.039
9.804,-0.196,0.964,0.026
9.805,-0.201,0.967,0.037
9.805,-0.190,0.974,0.023
9.806,-0.193,0.976,0.020
9.809,-0.197,0.974,0.019
9.813,-0.195,0.971,0.030
9.818,-0.197,0.967,0.027
9.827,-0.202,0.970,0.033
9.829,-0.192,0.961,0.034
9.835,-0.202,0.960,0.027
9.838,-0.201,0.961,0.030
9.843,-0.199,0.962,0.026
9.848,-0.204,0.962,0.022
9.853,-0.205,0.967,0.023
9.858,-0.204,0.969,0.028
9.863,-0.208,0.968,0.033
9.868,-0.201,0.969,0.019
9.873,-0.203,0.968,0.025
9.878,-0.201,0.967,0.026
9.883,-0.204,0.963,0.023
9.888,-0.204,0.966,0.022
9.893,-0.206,0.966,0.024
9.898,-0.204,0.964,0.033
9.903,-0.207,0.962,0.028
9.908,-0.201,0.966,0.022
9.913,-0.214,0.964,0.021
9.918,-0.211,0.968,0.017
9.923,-0.212,0.967,0.016
9.928,-0.209,0.968,0.024
9.933,-0.210,0.972,0.018
9.938,-0.208,0.969,0.018
9.943,-0.211,0.975,0.026
9.948,-0.203,0.974,0.020
9.954,-0.205,0.971,0.026
9.959,-0.207,0.972,0.016
9.964,-0.204,0.970,0.023
9.969,-0.207,0.966,0.026
9.974,-0.205,0.966,0.014
9.979,-0.207,0.966,0.021
9.984,-0.202,0.963,0.015
9.989,-0.204,0.959,0.017
9.994,-0.203,0.959,0.015
9.999,-0.203,0.960,0.017
10.176,-0.203,0.962,0.016
10.176,-0.210,0.964,0.022
10.177,-0.201,0.966,0.020
10.178,-0.202,0.959,0.024
10.178,-0.204,0.967,0.022
10.179,-0.204,0.965,0.023
10.180,-0.205,0.957,0.020
10.180,-0.207,0.964,0.020
10.181,-0.212,0.961,0.021
10.182,-0.209,0.964,0.016
10.182,-0.207,0.965,0.025
10.183,-0.210,0.963,0.019
10.184,-0.203,0.965,0.016
10.194,-0.208,0.965,0.017
10.194,-0.208,0.972,0.013
10.195,-0.204,0.964,0.020
10.200,-0.204,0.970,0.020
10.205,-0.208,0.969,0.019
10.210,-0.206,0.966,0.025
10.215,-0.211,0.962,0.009
10.220,-0.215,0.961,0.016
10.225,-0.209,0.965,0.021
10.230,-0.213,0.964,0.011
10.236,-0.207,0.963,0.025
10.241,-0.211,0.964,0.020
10.246,-0.213,0.961,0.024
10.251,-0.216,0.966,0.022
10.256,-0.208,0.964,0.023
10.261,-0.210,0.971,0.021
10.266,-0.207,0.967,0.020
10.271,-0.211,0.971,0.018
10.276,-0.208,0.966,0.029
10.281,-0.208,0.969,0.021
10.286,-0.204,0.968,0.017
10.291,-0.209,0.961,0.019
10.296,-0.202,0.963,0.017
10.301,-0.213,0.965,0.018
10.306,-0.207,0.966,0.021
10.311,-0.213,0.963,0.010
10.316,-0.215,0.961,0.017
10.321,-0.209,0.967,0.012
10.327,-0.212,0.961,0.016
10.332,-0.208,0.965,0.017
10.337,-0.206,0.965,0.017
10.342,-0.207,0.969,0.015
10.347,-0.203,0.972,0.014
10.537,-0.201,0.967,0.024
10.538,-0.197,0.963,0.020
10.538,-0.197,0.965,0.019
10.539,-0.197,0.964,0.019
10.540,-0.202,0.968,0.022
10.540,-0.207,0.963,0.021
10.541,-0.206,0.966,0.011
10.542,-0.209,0.968,0.013
10.542,-0.206,0.961,0.017
10.543,-0.209,0.969,0.018
10.544,-0.213,0.968,0.018
10.544,-0.219,0.967,0.019
10.545,-0.212,0.954,0.012
10.546,-0.212,0.961,0.016
10.548,-0.216,0.954,0.011
10.553,-0.215,0.961,0.016
10.558,-0.218,0.960,0.009
10.564,-0.218,0.954,0.010
10.568,-0.218,0.956,0.008
10.573,-0.221,0.957,-0.000
10.579,-0.217,0.955,0.005
10.583,-0.223,0.958,0.005
10.588,-0.220,0.957,-0.002
10.593,-0.218,0.956,-0.000
10.599,-0.214,0.955,0.004
10.603,-0.213,0.957,-0.001
10.608,-0.211,0.956,-0.003
10.615,-0.202,0.966,-0.001
10.618,-0.202,0.958,0.007
10.623,-0.198,0.959,-0.008
10.629,-0.201,0.956,-0.009
10.633,-0.198,0.953,-0.004
10.638,-0.197,0.953,-0.007
10.644,-0.196,0.951,0.001
10.649,-0.204,0.954,0.003
10.653,-0.195,0.950,-0.005
10.659,-0.196,0.953,0.002
10.664,-0.193,0.951,-0.002
10.669,-0.197,0.951,0.008
10.674,-0.197,0.947,0.001
10.679,-0.197,0.946,0.012
10.684,-0.196,0.950,0.007
10.689,-0.193,0.940,0.013
10.694,-0.194,0.943,0.008
10.699,-0.200,0.939,0.008
10.704,-0.200,0.944,0.005
10.709,-0.201,0.949,-0.006
10.714,-0.212,0.948,-0.005
10.719,-0.207,0.955,-0.016
10.725,-0.208,0.952,-0.015
10.730,-0.211,0.954,-0.019
10.735,-0.211,0.955,-0.014
10.740,-0.216,0.956,-0.027
10.745,-0.207,0.963,-0.031
10.984,-0.202,0.965,-0.027
10.985,-0.210,0.964,-0.031
10.986,-0.200,0.964,-0.032
10.987,-0.196,0.964,-0.027
10.987,-0.197,0.963,-0.027
10.988,-0.187,0.962,-0.026
10.989,-0.188,0.960,-0.024
10.990,-0.175,0.958,-0.027
10.991,-0.179,0.957,-0.030
10.992,-0.180,0.957,-0.033
10.993,-0.180,0.949,-0.026
10.993,-0.172,0.954,-0.038
10.994,-0.280,0.898,-0.088
10.995,-0.274,0.896,-0.086
11.014,-0.276,0.903,-0.083
11.015,-0.265,0.904,-0.075
11.016,-0.268,0.908,-0.073
11.016,-0.267,0.914,-0.069
11.017,-0.262,0.913,-0.068
11.021,-0.259,0.915,-0.059
11.026,-0.247,0.916,-0.057
11.031,-0.251,0.917,-0.044
11.036,-0.252,0.923,-0.043
11.041,-0.262,0.920,-0.036
11.058,-0.251,0.921,-0.037
11.058,-0.262,0.914,-0.026
11.059,-0.253,0.917,-0.030
11.062,-0.253,0.912,-0.013
11.067,-0.255,0.908,-0.021
11.072,-0.267,0.912,-0.011
11.077,-0.263,0.918,-0.012
11.082,-0.275,0.920,-0.020
11.087,-0.282,0.931,-0.020
11.092,-0.293,0.945,-0.025
11.097,-0.300,0.960,-0.031
11.102,-0.297,0.971,-0.041
11.107,-0.308,0.983,-0.050
11.112,-0.299,1.000,-0.051
11.121,-0.306,1.008,-0.047
11.123,-0.307,1.012,-0.040
11.130,-0.299,1.010,-0.020
11.132,-0.282,1.014,0.000
11.137,-0.285,1.012,0.016
11.142,-0.266,1.003,0.051
11.148,-0.254,0.983,0.071
11.153,-0.246,0.964,0.097
11.158,-0.236,0.939,0.111
11.162,-0.232,0.909,0.119
11.473,-0.233,0.875,0.125
11.475,-0.246,0.855,0.126
11.475,-0.237,0.830,0.124
11.476,-0.250,0.811,0.128
11.477,-0.224,0.794,0.129
11.477,-0.225,0.786,0.122
11.478,-0.238,0.782,0.128
11.479,-0.247,0.779,0.123
11.479,-0.247,0.784,0.128
11.480,-0.250,0.787,0.141
11.480,-0.249,0.797,0.154
11.481,-0.259,0.808,0.178
11.482,0.201,0.803,-0.357
11.483,0.181,0.807,-0.294
11.486,0.139,0.804,-0.214
11.489,0.085,0.799,-0.139
11.494,0.031,0.769,-0.133
11.499,-0.005,0.758,-0.149
11.504,-0.018,0.745,-0.163
11.509,-0.097,0.732,-0.209
11.515,0.344,0.819,-0.134
11.520,0.446,0.824,-0.114
11.525,0.486,0.795,-0.117
11.530,0.516,0.760,-0.129
11.535,0.510,0.707,-0.145
11.540,0.434,0.648,-0.156
11.545,0.399,0.596,-0.157
11.550,0.368,0.558,-0.121
11.555,0.364,0.534,-0.133
11.560,0.339,0.526,-0.164
11.565,0.333,0.540,-0.170
11.570,0.336,0.565,-0.151
11.575,0.331,0.582,-0.085
11.580,0.335,0.585,-0.022
11.585,0.337,0.583,0.050
11.590,0.337,0.534,0.071
11.595,0.311,0.470,0.060
11.600,0.293,0.370,0.005
11.605,0.304,0.285,-0.054
11.610,0.301,0.217,-0.085
11.615,0.284,0.176,-0.082
11.620,0.270,0.192,-0.044
11.625,0.257,0.249,0.014
11.630,0.218,0.313,0.040
11.635,0.211,0.387,0.020
11.640,0.195,0.458,-0.064
11.645,0.166,0.517,-0.207
11.650,0.154,0.591,-0.383
11.656,0.205,0.665,-0.591
11.661,0.229,0.732,-0.769
11.666,0.245,0.776,-0.871
11.671,0.256,0.805,-0.959
11.846,0.176,0.846,-1.006
11.850,0.147,0.899,-0.927
11.853,0.130,0.945,-0.832
11.859,0.128,0.967,-0.752
11.861,0.123,0.972,-0.704
11.865,0.096,0.955,-0.663
11.868,0.062,0.906,-0.626
11.875,0.007,0.820,-0.592
11.879,-0.021,0.729,-0.529
11.882,-0.075,0.622,-0.450
11.884,-0.085,0.519,-0.343
11.889,-0.045,0.401,-0.227
11.893,0.216,0.976,-0.539
11.896,0.275,0.959,-0.578
11.898,0.327,0.933,-0.605
11.901,0.370,0.911,-0.624
11.903,0.399,0.907,-0.689
11.906,0.381,0.891,-0.729
11.910,0.350,0.867,-0.728
11.913,0.305,0.850,-0.695
11.917,0.252,0.851,-0.617
11.920,0.219,0.862,-0.571
11.925,0.221,0.889,-0.510
11.926,0.231,0.922,-0.465
11.927,0.248,0.956,-0.441
11.928,0.284,0.981,-0.436
11.929,0.346,1.030,-0.438
11.931,0.391,1.060,-0.435
11.932,0.459,1.098,-0.463
11.933,0.502,1.137,-0.503
11.945,0.557,1.165,-0.584
11.946,0.578,1.193,-0.657
11.948,0.572,1.200,-0.723
11.953,0.521,1.171,-0.708
11.958,0.460,1.141,-0.639
11.963,0.419,1.108,-0.531
11.968,0.382,1.078,-0.456
11.973,0.367,1.096,-0.394
11.978,0.314,1.076,-0.450
11.983,0.280,1.074,-0.534
11.988,0.231,1.079,-0.599
11.993,0.134,1.084,-0.656
11.998,0.049,1.123,-0.690
12.003,-0.040,1.215,-0.741
12.008,-0.016,1.272,-0.690
12.013,0.002,1.316,-0.601
12.018,0.008,1.337,-0.509
12.023,0.004,1.345,-0.419
12.028,0.033,1.342,-0.350
12.033,0.059,1.318,-0.319
12.247,0.093,1.282,-0.321
12.248,0.149,1.221,-0.334
12.248,0.202,1.134,-0.349
12.249,0.255,1.034,-0.359
12.250,0.272,0.916,-0.376
12.250,0.311,0.826,-0.390
12.251,0.349,0.738,-0.400
12.252,0.390,0.664,-0.397
12.252,0.404,0.600,-0.379
12.253,0.423,0.502,-0.336
12.254,0.393,0.465,-0.302
12.254,0.299,0.526,-0.307
12.255,-0.755,0.234,-0.885
12.257,-0.764,0.332,-0.903
12.260,-0.755,0.247,-0.939
12.265,-0.791,0.035,-0.975
12.270,-0.837,-0.268,-1.124
12.275,-3.957,-1.587,-1.647
12.280,-3.957,-2.136,-1.932
12.285,-3.957,-2.150,-2.078
12.290,-3.420,-1.754,-2.027
12.295,-1.859,-1.178,-1.893
12.300,-0.916,-0.813,-1.661
12.305,-0.326,-0.581,-1.401
12.310,-0.103,-0.434,-1.128
12.315,0.005,-0.307,-0.902
12.320,0.061,-0.190,-0.736
12.326,0.113,-0.068,-0.633
12.331,0.150,0.159,-0.440
12.336,0.090,0.219,-0.316
12.341,0.020,0.217,-0.203
12.346,-0.035,0.175,-0.080
12.351,-0.133,0.082,0.037
12.356,-0.282,-0.045,0.147
12.361,-0.390,-0.189,0.229
12.366,-0.475,-0.290,0.279
12.371,-0.597,-0.400,0.297
12.376,-0.654,-0.456,0.293
12.385,-0.722,-0.525,0.251
12.387,-0.793,-0.592,0.217
12.400,-0.852,-0.640,0.176
12.401,-0.945,-0.710,0.097
12.403,-1.009,-0.788,-0.113
12.407,-1.053,-0.897,-0.445
12.425,-1.050,-1.003,-0.900
12.426,-1.036,-1.091,-1.248
12.427,-0.996,-1.124,-1.265
12.427,-0.928,-1.073,-1.159
12.431,-0.844,-0.983,-1.115
12.436,-0.730,-0.912,-1.138
12.587,-0.579,-0.832,-1.255
12.589,-0.412,-0.763,-1.416
12.590,-0.246,-0.746,-1.563
12.592,-0.095,-0.727,-1.617
12.593,-0.039,-0.721,-1.552
12.595,0.002,-0.691,-1.416
12.596,0.004,-0.623,-1.249
12.597,0.133,-0.523,-1.115
12.598,0.222,-0.436,-0.966
12.600,0.260,-0.368,-0.832
12.601,0.285,-0.300,-0.692
12.602,0.296,-0.192,-0.475
12.603,-1.036,0.021,-1.167
12.604,-1.079,-0.039,-1.030
12.606,-1.112,-0.107,-0.889
12.607,-1.137,-0.179,-0.774
12.608,-1.141,-0.262,-0.652
12.621,-1.099,-0.318,-0.525
12.621,-1.024,-0.335,-0.409
12.622,-0.945,-0.329,-0.295
12.627,-0.877,-0.291,-0.195
12.633,-0.830,-0.254,-0.129
12.637,-0.815,-0.212,-0.085
12.643,-0.785,-0.165,-0.079
12.648,-0.760,-0.124,-0.116
12.653,-0.746,-0.090,-0.197
12.660,-0.764,-0.029,-0.404
12.663,-0.787,-0.002,-0.498
12.668,-0.810,0.011,-0.570
12.673,-0.834,0.018,-0.621
12.678,-0.846,0.028,-0.667
12.683,-0.845,0.040,-0.708
12.688,-0.851,0.040,-0.725
12.693,-0.851,0.045,-0.726
12.698,-0.850,0.047,-0.697
12.703,-0.849,0.042,-0.633
12.708,-0.843,0.033,-0.581
12.713,-0.844,0.023,-0.537
12.718,-0.838,0.023,-0.482
12.723,-0.841,0.017,-0.448
12.728,-0.834,0.009,-0.422
12.733,-0.831,-0.001,-0.406
12.738,-0.819,-0.015,-0.400
12.743,-0.819,-0.026,-0.409
12.748,-0.805,-0.032,-0.430
12.753,-0.799,-0.033,-0.454
12.758,-0.795,-0.028,-0.491
12.764,-0.794,-0.026,-0.518
12.768,-0.786,-0.017,-0.555
12.774,-0.792,-0.015,-0.587
13.082,-0.797,-0.014,-0.609
13.083,-0.810,-0.004,-0.638
13.084,-0.816,-0.001,-0.654
13.084,-0.832,0.000,-0.661
13.085,-0.836,-0.002,-0.668
13.086,-0.845,-0.007,-0.677
13.086,-0.848,-0.014,-0.652
13.087,-0.858,-0.013,-0.642
13.087,-0.852,-0.020,-0.614
13.088,-0.845,-0.022,-0.562
13.089,-0.837,-0.030,-0.536
13.089,-0.817,-0.034,-0.501
13.090,-0.836,-0.016,-0.497
13.091,-0.828,-0.016,-0.495
13.096,-0.832,-0.018,-0.497
13.101,-0.828,-0.011,-0.496
13.106,-0.835,-0.012,-0.512
13.111,-0.836,-0.012,-0.506
13.116,-0.832,-0.010,-0.517
13.121,-0.835,-0.017,-0.507
13.126,-0.836,-0.012,-0.510
13.131,-0.830,-0.015,-0.507
13.137,-0.830,-0.008,-0.505
13.144,-0.829,-0.011,-0.508
13.146,-0.833,-0.012,-0.499
13.152,-0.824,-0.015,-0.500
13.156,-0.824,-0.024,-0.499
13.162,-0.818,-0.029,-0.501
13.169,-0.815,-0.031,-0.501
13.172,-0.805,-0.034,-0.507
13.177,-0.803,-0.038,-0.508
13.182,-0.805,-0.035,-0.508
13.187,-0.798,-0.037,-0.502
13.192,-0.797,-0.036,-0.511
13.197,-0.808,-0.028,-0.505
13.202,-0.804,-0.030,-0.508
13.207,-0.807,-0.028,-0.507
13.212,-0.816,-0.032,-0.504
13.217,-0.820,-0.032,-0.504
13.222,-0.823,-0.029,-0.499
13.227,-0.826,-0.034,-0.499
13.232,-0.828,-0.024,-0.492
13.238,-0.828,-0.027,-0.493
13.242,-0.830,-0.030,-0.494
13.247,-0.833,-0.034,-0.494
13.253,-0.834,-0.030,-0.498
13.257,-0.831,-0.032,-0.492
13.262,-0.827,-0.028,-0.490
13.268,-0.832,-0.032,-0.497
13.272,-0.825,-0.031,-0.495
13.473,-0.831,-0.033,-0.488
13.475,-0.828,-0.029,-0.492
13.477,-0.832,-0.029,-0.498
13.479,-0.835,-0.035,-0.504
13.480,-0.834,-0.031,-0.491
13.482,-0.831,-0.034,-0.490
13.484,-0.835,-0.037,-0.491
13.485,-0.829,-0.042,-0.496
13.488,-0.834,-0.038,-0.493
13.489,-0.828,-0.043,-0.501
13.492,-0.824,-0.038,-0.493
13.493,-0.821,-0.039,-0.498
13.496,-0.841,-0.023,-0.485
13.498,-0.845,-0.017,-0.482
13.500,-0.844,-0.018,-0.499
13.501,-0.832,-0.016,-0.498
13.503,-0.831,-0.018,-0.502
13.504,-0.827,-0.014,-0.497
13.506,-0.820,-0.021,-0.498
13.529,-0.825,-0.016,-0.490
13.529,-0.822,-0.014,-0.498
13.530,-0.825,-0.013,-0.489
13.531,-0.823,-0.012,-0.485
13.531,-0.826,-0.017,-0.484
13.534,-0.825,-0.016,-0.488
13.539,-0.829,-0.018,-0.473
13.544,-0.832,-0.020,-0.475
13.549,-0.829,-0.021,-0.481
13.554,-0.836,-0.017,-0.489
13.559,-0.835,-0.018,-0.479
13.564,-0.835,-0.021,-0.485
13.569,-0.834,-0.025,-0.498
13.574,-0.835,-0.023,-0.497
13.579,-0.836,-0.032,-0.502
13.584,-0.834,-0.025,-0.494
13.589,-0.830,-0.025,-0.500
13.594,-0.826,-0.033,-0.504
13.599,-0.831,-0.030,-0.498
13.604,-0.831,-0.029,-0.494
13.609,-0.829,-0.027,-0.498
13.614,-0.830,-0.029,-0.492
13.620,-0.831,-0.025,-0.493
13.842,-0.825,-0.029,-0.495
13.843,-0.826,-0.029,-0.498
13.845,-0.824,-0.034,-0.491
13.847,-0.821,-0.028,-0.488
13.848,-0.819,-0.033,-0.491
13.850,-0.819,-0.034,-0.499
13.852,-0.818,-0.035,-0.499
13.853,-0.819,-0.031,-0.499
13.855,-0.813,-0.034,-0.498
13.857,-0.824,-0.029,-0.500
13.858,-0.825,-0.032,-0.500
13.860,-0.823,-0.031,-0.495
13.862,-0.840,-0.024,-0.490
13.863,-0.839,-0.020,-0.488
13.867,-0.837,-0.025,-0.492
13.870,-0.832,-0.026,-0.485
13.872,-0.839,-0.027,-0.484
13.874,-0.835,-0.026,-0.478
13.879,-0.849,-0.027,-0.480
13.882,-0.848,-0.025,-0.475
13.883,-0.851,-0.026,-0.479
13.899,-0.852,-0.026,-0.462
13.900,-0.849,-0.030,-0.470
13.900,-0.857,-0.031,-0.467
13.902,-0.859,-0.033,-0.466
13.907,-0.860,-0.037,-0.470
13.912,-0.850,-0.039,-0.470
13.917,-0.849,-0.040,-0.473
13.922,-0.843,-0.044,-0.475
13.927,-0.835,-0.045,-0.480
13.932,-0.833,-0.048,-0.479
13.937,-0.834,-0.047,-0.492
13.942,-0.831,-0.047,-0.491
13.947,-0.828,-0.043,-0.489
13.952,-0.826,-0.045,-0.485
13.957,-0.831,-0.039,-0.482
13.962,-0.844,-0.027,-0.480
13.967,-0.841,-0.023,-0.485
13.972,-0.839,-0.029,-0.486
13.977,-0.843,-0.033,-0.487
13.982,-0.836,-0.033,-0.488
13.987,-0.835,-0.029,-0.493
13.992,-0.825,-0.038,-0.490
13.997,-0.813,-0.045,-0.492
14.002,-0.804,-0.054,-0.499
14.007,-0.800,-0.054,-0.497
14.012,-0.797,-0.064,-0.502
14.017,-0.806,-0.057,-0.500
14.023,-0.816,-0.047,-0.498
14.027,-0.813,-0.044,-0.487
14.032,-0.827,-0.039,-0.492
14.037,-0.831,-0.031,-0.495
14.043,-0.840,-0.035,-0.488
14.048,-0.842,-0.025,-0.492
14.053,-0.846,-0.029,-0.488
14.058,-0.838,-0.027,-0.499
14.063,-0.842,-0.029,-0.491
14.068,-0.843,-0.031,-0.492
14.314,-0.832,-0.036,-0.493
14.315,-0.820,-0.038,-0.498
14.316,-0.810,-0.041,-0.504
14.317,-0.805,-0.037,-0.507
14.318,-0.798,-0.041,-0.514
14.318,-0.795,-0.044,-0.503
14.320,-0.800,-0.047,-0.509
14.320,-0.795,-0.042,-0.510
14.321,-0.795,-0.040,-0.507
14.322,-0.813,-0.039,-0.501
14.322,-0.815,-0.036,-0.496
14.323,-0.830,-0.037,-0.486
14.324,-0.824,-0.028,-0.499
14.325,-0.818,-0.033,-0.502
14.326,-0.812,-0.036,-0.507
14.343,-0.809,-0.036,-0.510
14.344,-0.808,-0.037,-0.501
14.345,-0.807,-0.033,-0.507
14.345,-0.806,-0.030,-0.510
14.350,-0.804,-0.032,-0.510
14.355,-0.809,-0.023,-0.513
14.360,-0.809,-0.021,-0.509
14.365,-0.807,-0.019,-0.514
14.370,-0.811,-0.022,-0.511
14.375,-0.815,-0.019,-0.514
14.380,-0.816,-0.015,-0.506
14.385,-0.816,-0.017,-0.509
14.390,-0.812,-0.012,-0.513
14.395,-0.816,-0.016,-0.513
14.400,-0.808,-0.013,-0.508
14.405,-0.811,-0.015,-0.499
14.410,-0.816,-0.017,-0.497
14.415,-0.810,-0.011,-0.499
14.420,-0.815,-0.014,-0.500
14.425,-0.819,-0.009,-0.502
14.430,-0.813,-0.011,-0.510
14.435,-0.827,-0.013,-0.500
14.440,-0.831,-0.009,-0.497
14.445,-0.831,-0.010,-0.499
14.658,-0.830,-0.009,-0.495
14.659,-0.835,-0.018,-0.487
14.659,-0.836,-0.023,-0.492
14.660,-0.842,-0.024,-0.489
14.661,-0.844,-0.034,-0.485
14.661,-0.842,-0.040,-0.491
14.662,-0.843,-0.040,-0.483
14.662,-0.835,-0.045,-0.486
14.663,-0.834,-0.047,-0.486
14.664,-0.834,-0.049,-0.484
14.664,-0.836,-0.044,-0.492
14.665,-0.838,-0.051,-0.483
14.666,-0.823,-0.020,-0.495
14.668,-0.827,-0.023,-0.495
14.672,-0.829,-0.028,-0.487
14.677,-0.835,-0.021,-0.489
14.682,-0.834,-0.022,-0.492
14.687,-0.839,-0.026,-0.484
14.692,-0.838,-0.022,-0.487
14.697,-0.838,-0.026,-0.486
14.702,-0.838,-0.022,-0.489
14.707,-0.840,-0.020,-0.498
14.712,-0.838,-0.015,-0.493
14.717,-0.836,-0.020,-0.487
14.722,-0.842,-0.019,-0.486
14.728,-0.840,-0.016,-0.487
14.732,-0.845,-0.025,-0.484
14.738,-0.841,-0.026,-0.488
14.742,-0.844,-0.023,-0.489
14.748,-0.839,-0.026,-0.485
14.753,-0.851,-0.032,-0.478
14.758,-0.852,-0.028,-0.479
14.763,-0.850,-0.031,-0.480
14.768,-0.856,-0.039,-0.481
14.773,-0.854,-0.036,-0.471
14.779,-0.856,-0.032,-0.471
14.784,-0.856,-0.033,-0.470
14.789,-0.859,-0.032,-0.482
14.794,-0.852,-0.032,-0.483
14.800,-0.856,-0.029,-0.489
14.806,-0.856,-0.028,-0.490
14.809,-0.848,-0.032,-0.500
14.814,-0.838,-0.033,-0.496
14.819,-0.835,-0.029,-0.504
14.824,-0.826,-0.028,-0.503
14.829,-0.815,-0.027,-0.515
14.835,-0.807,-0.031,-0.516
14.841,-0.799,-0.031,-0.509
14.844,-0.794,-0.026,-0.520
14.856,-0.790,-0.024,-0.518
14.864,-0.784,-0.025,-0.519
14.868,-0.784,-0.021,-0.530
14.870,-0.777,-0.021,-0.523
14.873,-0.775,-0.027,-0.524
14.876,-0.781,-0.017,-0.530
14.899,-0.775,-0.023,-0.519
14.901,-0.778,-0.021,-0.521
14.902,-0.785,-0.021,-0.520
14.904,-0.783,-0.024,-0.524
14.905,-0.796,-0.025,-0.515
14.908,-0.792,-0.026,-0.521
15.125,-0.800,-0.027,-0.533
15.126,-0.804,-0.029,-0.530
15.127,-0.804,-0.023,-0.521
15.127,-0.805,-0.022,-0.523
15.128,-0.802,-0.024,-0.524
15.129,-0.804,-0.021,-0.532
15.130,-0.806,-0.020,-0.536
15.131,-0.804,-0.014,-0.532
15.131,-0.793,-0.017,-0.538
15.132,-0.796,-0.017,-0.535
15.133,-0.799,-0.022,-0.537
15.134,-0.793,-0.017,-0.531
15.134,-0.832,-0.023,-0.507
15.135,-0.824,-0.024,-0.503
15.136,-0.824,-0.026,-0.509
15.153,-0.822,-0.018,-0.501
15.153,-0.813,-0.020,-0.510
15.154,-0.819,-0.023,-0.505
15.156,-0.818,-0.022,-0.509
15.161,-0.811,-0.023,-0.508
15.166,-0.814,-0.023,-0.504
15.171,-0.815,-0.023,-0.500
15.176,-0.811,-0.024,-0.513
15.181,-0.807,-0.024,-0.511
15.186,-0.810,-0.029,-0.503
15.191,-0.813,-0.021,-0.508
15.196,-0.808,-0.027,-0.510
15.201,-0.810,-0.027,-0.511
15.206,-0.808,-0.029,-0.511
15.211,-0.807,-0.021,-0.513
15.216,-0.813,-0.021,-0.508
15.221,-0.814,-0.026,-0.509
15.226,-0.810,-0.021,-0.509
15.231,-0.812,-0.025,-0.510
15.236,-0.810,-0.025,-0.512
15.241,-0.806,-0.022,-0.510
15.246,-0.813,-0.029,-0.509
15.251,-0.811,-0.033,-0.514
15.256,-0.807,-0.031,-0.519
15.261,-0.815,-0.033,-0.513
15.266,-0.810,-0.033,-0.517
15.271,-0.812,-0.033,-0.518
15.505,-0.805,-0.025,-0.516
15.507,-0.818,-0.031,-0.511
15.509,-0.817,-0.027,-0.511
15.510,-0.814,-0.023,-0.512
15.512,-0.816,-0.019,-0.510
15.514,-0.820,-0.021,-0.504
15.515,-0.821,-0.020,-0.509
15.517,-0.825,-0.022,-0.504
15.519,-0.822,-0.023,-0.498
15.520,-0.827,-0.024,-0.496
15.522,-0.832,-0.027,-0.504
15.524,-0.826,-0.027,-0.501
15.525,-0.828,-0.025,-0.504
15.525,-0.824,-0.026,-0.509
15.526,-0.821,-0.023,-0.506
15.527,-0.824,-0.022,-0.504
15.531,-0.819,-0.019,-0.506
15.533,-0.820,-0.022,-0.516
15.538,-0.823,-0.023,-0.505
15.543,-0.817,-0.018,-0.511
15.548,-0.820,-0.021,-0.506
15.553,-0.815,-0.017,-0.505
15.558,-0.814,-0.021,-0.508
15.563,-0.815,-0.021,-0.508
15.568,-0.807,-0.021,-0.507
15.573,-0.815,-0.017,-0.504
15.579,-0.816,-0.018,-0.511
15.584,-0.818,-0.022,-0.499
15.588,-0.813,-0.021,-0.505
15.594,-0.818,-0.024,-0.506
15.599,-0.822,-0.024,-0.499
15.604,-0.827,-0.020,-0.501
15.609,-0.821,-0.025,-0.502
15.614,-0.819,-0.024,-0.507
15.619,-0.823,-0.024,-0.499
15.624,-0.820,-0.026,-0.500
15.629,-0.818,-0.026,-0.506
15.634,-0.822,-0.016,-0.508
15.639,-0.819,-0.015,-0.500
15.644,-0.829,-0.021,-0.508
15.649,-0.819,-0.015,-0.511
15.654,-0.823,-0.019,-0.510
15.659,-0.818,-0.020,-0.506
15.664,-0.824,-0.021,-0.508
15.672,-0.819,-0.024,-0.504
15.675,-0.822,-0.025,-0.506
15.680,-0.823,-0.024,-0.507
15.685,-0.820,-0.030,-0.501
15.690,-0.818,-0.027,-0.499
15.695,-0.820,-0.029,-0.504
15.700,-0.819,-0.033,-0.495
15.705,-0.822,-0.034,-0.498
15.720,-0.819,-0.034,-0.504
15.727,-0.822,-0.029,-0.499
15.728,-0.823,-0.027,-0.507
15.730,-0.817,-0.026,-0.511
15.732,-0.821,-0.030,-0.499
15.745,-0.818,-0.029,-0.504
15.890,-0.819,-0.026,-0.501
15.890,-0.817,-0.025,-0.510
15.891,-0.823,-0.025,-0.501
15.892,-0.825,-0.026,-0.504
15.892,-0.812,-0.027,-0.506
15.893,-0.820,-0.024,-0.497
15.894,-0.825,-0.031,-0.491
15.896,-0.820,-0.026,-0.493
15.897,-0.823,-0.029,-0.502
15.899,-0.825,-0.028,-0.501
15.901,-0.825,-0.030,-0.496
15.902,-0.829,-0.028,-0.499
15.904,-0.829,-0.025,-0.492
15.905,-0.822,-0.026,-0.499
15.907,-0.824,-0.026,-0.499
15.909,-0.821,-0.027,-0.504
15.933,-0.822,-0.027,-0.505
15.934,-0.820,-0.030,-0.505
15.935,-0.824,-0.025,-0.502
15.935,-0.818,-0.032,-0.503
15.936,-0.819,-0.021,-0.503
15.937,-0.821,-0.027,-0.504
15.941,-0.822,-0.027,-0.506
15.948,-0.823,-0.026,-0.502
15.951,-0.823,-0.023,-0.498
15.956,-0.827,-0.020,-0.500
15.962,-0.823,-0.020,-0.501
15.967,-0.824,-0.014,-0.492
15.971,-0.824,-0.016,-0.495
15.977,-0.825,-0.018,-0.498
15.982,-0.827,-0.021,-0.496
15.987,-0.826,-0.022,-0.496
15.992,-0.822,-0.026,-0.491
15.997,-0.828,-0.021,-0.493
16.002,-0.831,-0.026,-0.495
16.007,-0.831,-0.025,-0.488
16.012,-0.825,-0.033,-0.496
16.017,-0.825,-0.032,-0.492
16.241,-0.829,-0.034,-0.496
16.242,-0.833,-0.026,-0.499
16.243,-0.830,-0.030,-0.497
16.243,-0.830,-0.029,-0.501
16.244,-0.827,-0.024,-0.499
16.245,-0.825,-0.025,-0.500
16.245,-0.828,-0.019,-0.504
16.246,-0.832,-0.021,-0.499
16.247,-0.827,-0.020,-0.497
16.247,-0.826,-0.019,-0.493
16.248,-0.825,-0.024,-0.500
16.249,-0.822,-0.028,-0.501
16.249,-0.823,-0.030,-0.494
16.250,-0.825,-0.025,-0.502
16.253,-0.826,-0.026,-0.500
16.258,-0.825,-0.027,-0.491
16.263,-0.821,-0.028,-0.496
16.268,-0.822,-0.030,-0.498
16.273,-0.824,-0.026,-0.494
16.279,-0.823,-0.024,-0.492
16.284,-0.827,-0.023,-0.504
16.289,-0.823,-0.023,-0.499
16.294,-0.821,-0.019,-0.501
16.299,-0.821,-0.025,-0.507
16.304,-0.822,-0.018,-0.498
16.309,-0.822,-0.019,-0.504
16.315,-0.823,-0.025,-0.494
16.319,-0.827,-0.019,-0.504
16.324,-0.824,-0.023,-0.498
16.329,-0.825,-0.027,-0.500
16.334,-0.822,-0.025,-0.496
16.339,-0.825,-0.028,-0.501
16.344,-0.827,-0.031,-0.502
16.350,-0.830,-0.028,-0.502
16.355,-0.827,-0.028,-0.500
16.360,-0.822,-0.030,-0.498
16.365,-0.824,-0.029,-0.501
16.370,-0.818,-0.025,-0.503
16.375,-0.821,-0.030,-0.497
16.380,-0.820,-0.020,-0.508
16.385,-0.821,-0.023,-0.499
16.390,-0.823,-0.021,-0.499
16.395,-0.823,-0.019,-0.504
16.400,-0.818,-0.020,-0.494
16.405,-0.822,-0.024,-0.504
16.410,-0.822,-0.023,-0.499
16.416,-0.824,-0.021,-0.497
16.420,-0.822,-0.023,-0.498
16.425,-0.824,-0.023,-0.502
16.435,-0.827,-0.023,-0.499
16.437,-0.827,-0.023,-0.487
16.444,-0.824,-0.024,-0.494
16.447,-0.834,-0.026,-0.500
16.451,-0.826,-0.023,-0.506
16.456,-0.830,-0.022,-0.502
16.461,-0.826,-0.021,-0.501
16.468,-0.826,-0.027,-0.504
16.471,-0.820,-0.022,-0.492
16.476,-0.820,-0.024,-0.502
16.487,-0.825,-0.025,-0.496
16.489,-0.824,-0.023,-0.508
16.490,-0.822,-0.021,-0.501
16.708,-0.821,-0.024,-0.497
16.709,-0.827,-0.024,-0.496
16.710,-0.823,-0.026,-0.502
16.711,-0.826,-0.034,-0.496
16.712,-0.818,-0.031,-0.504
16.713,-0.820,-0.034,-0.503
16.714,-0.825,-0.035,-0.500
16.715,-0.825,-0.029,-0.501
16.716,-0.823,-0.033,-0.500
16.717,-0.826,-0.026,-0.498
16.718,-0.820,-0.024,-0.504
16.719,-0.827,-0.030,-0.501
16.720,-0.824,-0.025,-0.491
16.722,-0.826,-0.024,-0.497
16.723,-0.827,-0.024,-0.501
16.741,-0.823,-0.022,-0.496
16.742,-0.826,-0.027,-0.498
16.743,-0.828,-0.023,-0.491
16.744,-0.820,-0.024,-0.496
16.754,-0.827,-0.026,-0.497
16.755,-0.828,-0.023,-0.504
16.758,-0.828,-0.028,-0.500
16.762,-0.825,-0.028,-0.503
16.767,-0.828,-0.026,-0.501
16.773,-0.823,-0.027,-0.508
16.778,-0.824,-0.025,-0.502
16.783,-0.828,-0.024,-0.496
16.788,-0.826,-0.027,-0.497
16.793,-0.822,-0.025,-0.500
16.812,-0.820,-0.024,-0.496
16.815,-0.819,-0.025,-0.508
16.817,-0.822,-0.019,-0.499
16.819,-0.821,-0.021,-0.494
16.820,-0.818,-0.019,-0.502
16.829,-0.821,-0.018,-0.499
16.830,-0.822,-0.023,-0.503
16.833,-0.819,-0.023,-0.497
16.837,-0.827,-0.024,-0.504
16.843,-0.824,-0.026,-0.501
16.847,-0.828,-0.027,-0.497
17.044,-0.824,-0.026,-0.504
17.044,-0.826,-0.027,-0.499
17.045,-0.822,-0.028,-0.494
17.046,-0.825,-0.028,-0.497
17.046,-0.822,-0.028,-0.501
17.047,-0.822,-0.029,-0.498
17.048,-0.820,-0.028,-0.504
17.048,-0.822,-0.024,-0.508
17.049,-0.821,-0.020,-0.499
17.050,-0.823,-0.015,-0.501
17.050,-0.825,-0.019,-0.500
17.051,-0.821,-0.023,-0.501
17.052,-0.823,-0.024,-0.509
17.052,-0.814,-0.024,-0.502
17.055,-0.821,-0.018,-0.504
17.059,-0.816,-0.022,-0.497
17.066,-0.821,-0.018,-0.497
17.069,-0.826,-0.022,-0.505
17.074,-0.818,-0.017,-0.495
17.079,-0.823,-0.023,-0.495
17.084,-0.827,-0.023,-0.496
17.089,-0.824,-0.024,-0.500
17.095,-0.828,-0.023,-0.497
17.099,-0.828,-0.021,-0.503
17.105,-0.829,-0.024,-0.498
17.110,-0.827,-0.030,-0.501
17.115,-0.823,-0.024,-0.503
17.120,-0.824,-0.031,-0.498
17.125,-0.826,-0.035,-0.503
17.130,-0.824,-0.031,-0.504
17.135,-0.822,-0.028,-0.502
17.140,-0.827,-0.035,-0.497
17.145,-0.823,-0.031,-0.498
17.150,-0.823,-0.027,-0.495
17.156,-0.821,-0.027,-0.496
17.160,-0.826,-0.022,-0.493
17.166,-0.824,-0.026,-0.495
17.170,-0.819,-0.022,-0.497
17.175,-0.828,-0.019,-0.498
17.181,-0.826,-0.022,-0.499
17.185,-0.823,-0.017,-0.490
17.191,-0.822,-0.021,-0.500
17.195,-0.818,-0.026,-0.499
17.200,-0.822,-0.021,-0.500
17.206,-0.823,-0.024,-0.503
17.210,-0.825,-0.027,-0.502
17.216,-0.823,-0.023,-0.502
17.220,-0.820,-0.025,-0.504
17.225,-0.823,-0.024,-0.502
17.230,-0.821,-0.024,-0.510
17.235,-0.820,-0.023,-0.497
17.240,-0.822,-0.022,-0.504
17.245,-0.825,-0.022,-0.497
17.250,-0.825,-0.020,-0.500
17.256,-0.827,-0.025,-0.502
17.261,-0.823,-0.027,-0.496
17.266,-0.822,-0.018,-0.502
17.272,-0.825,-0.026,-0.496
17.278,-0.829,-0.022,-0.502
17.282,-0.827,-0.024,-0.505
17.479,-0.822,-0.024,-0.503
17.480,-0.821,-0.021,-0.503
17.482,-0.823,-0.025,-0.504
17.484,-0.820,-0.024,-0.496
17.486,-0.820,-0.023,-0.504
17.488,-0.821,-0.026,-0.499
17.489,-0.821,-0.020,-0.490
17.491,-0.827,-0.016,-0.497
17.493,-0.821,-0.017,-0.500
17.496,-0.819,-0.026,-0.493
17.497,-0.829,-0.025,-0.496
17.498,-0.822,-0.027,-0.496
17.499,-0.830,-0.022,-0.496
17.499,-0.828,-0.025,-0.491
17.500,-0.822,-0.019,-0.496
17.501,-0.834,-0.020,-0.491
17.512,-0.824,-0.021,-0.494
17.513,-0.823,-0.030,-0.498
17.513,-0.824,-0.026,-0.503
17.517,-0.821,-0.026,-0.503
17.522,-0.818,-0.024,-0.508
17.527,-0.819,-0.025,-0.502
17.532,-0.814,-0.032,-0.509
17.538,-0.820,-0.028,-0.514
17.543,-0.822,-0.034,-0.513
17.548,-0.822,-0.034,-0.502
17.553,-0.821,-0.029,-0.507
17.558,-0.824,-0.029,-0.498
17.563,-0.831,-0.030,-0.500
17.568,-0.824,-0.024,-0.496
17.573,-0.822,-0.031,-0.498
17.578,-0.818,-0.024,-0.491
17.583,-0.825,-0.027,-0.491
17.588,-0.824,-0.024,-0.498
17.593,-0.828,-0.029,-0.496
17.598,-0.824,-0.029,-0.501
17.603,-0.827,-0.023,-0.496
17.608,-0.830,-0.025,-0.503
17.613,-0.829,-0.027,-0.497
17.618,-0.833,-0.034,-0.494
17.623,-0.828,-0.029,-0.507
17.628,-0.827,-0.027,-0.500
17.633,-0.823,-0.029,-0.504
17.638,-0.829,-0.025,-0.505
17.880,-0.816,-0.023,-0.502
17.882,-0.823,-0.017,-0.500
17.884,-0.822,-0.015,-0.498
17.885,-0.820,-0.028,-0.495
17.887,-0.818,-0.024,-0.502
17.889,-0.822,-0.021,-0.498
17.890,-0.820,-0.022,-0.499
17.892,-0.820,-0.023,-0.500
17.893,-0.826,-0.028,-0.497
17.895,-0.824,-0.027,-0.503
17.897,-0.827,-0.026,-0.498
17.898,-0.826,-0.021,-0.496
17.900,-0.826,-0.029,-0.502
17.902,-0.826,-0.024,-0.507
17.903,-0.820,-0.026,-0.499
17.905,-0.824,-0.026,-0.507
17.907,-0.818,-0.021,-0.504
17.908,-0.820,-0.024,-0.509
17.925,-0.824,-0.026,-0.494
17.926,-0.823,-0.031,-0.506
17.926,-0.822,-0.030,-0.503
17.927,-0.823,-0.033,-0.500
17.930,-0.822,-0.035,-0.505
17.935,-0.823,-0.030,-0.511
17.940,-0.821,-0.024,-0.504
17.945,-0.822,-0.028,-0.506
17.950,-0.819,-0.030,-0.504
17.955,-0.824,-0.021,-0.514
17.960,-0.825,-0.024,-0.500
17.965,-0.821,-0.025,-0.504
17.971,-0.828,-0.022,-0.500
17.976,-0.820,-0.021,-0.490
17.981,-0.822,-0.021,-0.493
17.986,-0.825,-0.017,-0.489
17.991,-0.820,-0.023,-0.488
17.996,-0.823,-0.025,-0.494
18.001,-0.825,-0.022,-0.492
18.006,-0.823,-0.019,-0.488
18.011,-0.826,-0.026,-0.496
18.016,-0.831,-0.027,-0.498
18.021,-0.833,-0.023,-0.497
18.026,-0.828,-0.021,-0.498
18.031,-0.832,-0.022,-0.497
18.036,-0.828,-0.028,-0.491
18.041,-0.829,-0.025,-0.497
18.046,-0.827,-0.028,-0.501
18.051,-0.831,-0.026,-0.501
18.056,-0.824,-0.022,-0.498
18.061,-0.824,-0.025,-0.500
18.066,-0.819,-0.028,-0.501
18.071,-0.826,-0.026,-0.506
18.077,-0.823,-0.028,-0.500
18.082,-0.827,-0.027,-0.498
18.087,-0.825,-0.028,-0.498
18.092,-0.827,-0.027,-0.502
18.097,-0.826,-0.025,-0.500
18.402,-0.823,-0.025,-0.503
18.403,-0.826,-0.028,-0.500
18.404,-0.817,-0.021,-0.499
18.404,-0.824,-0.029,-0.497
18.405,-0.822,-0.023,-0.502
18.406,-0.827,-0.025,-0.493
18.406,-0.826,-0.032,-0.496
18.407,-0.822,-0.026,-0.500
18.407,-0.822,-0.024,-0.498
18.408,-0.824,-0.030,-0.504
18.409,-0.823,-0.028,-0.497
18.410,-0.824,-0.025,-0.494
18.410,-0.825,-0.027,-0.501
18.411,-0.822,-0.032,-0.496
18.421,-0.818,-0.026,-0.495
18.422,-0.818,-0.029,-0.504
18.424,-0.827,-0.026,-0.500
18.429,-0.820,-0.029,-0.498
18.434,-0.820,-0.032,-0.498
18.439,-0.822,-0.032,-0.510
18.444,-0.821,-0.030,-0.502
18.449,-0.822,-0.029,-0.503
18.454,-0.823,-0.026,-0.501
18.459,-0.826,-0.028,-0.498
18.464,-0.824,-0.029,-0.499
18.469,-0.825,-0.026,-0.499
18.474,-0.823,-0.022,-0.498
18.479,-0.831,-0.033,-0.497
18.484,-0.821,-0.026,-0.503
18.489,-0.825,-0.031,-0.496
18.494,-0.830,-0.027,-0.499
18.499,-0.819,-0.027,-0.501
18.504,-0.822,-0.030,-0.504
18.509,-0.826,-0.030,-0.505
18.515,-0.830,-0.030,-0.499
18.519,-0.830,-0.028,-0.504
18.525,-0.828,-0.034,-0.501
18.530,-0.824,-0.027,-0.500
18.535,-0.827,-0.030,-0.504
18.540,-0.823,-0.031,-0.499
18.773,-0.824,-0.025,-0.505
18.774,-0.825,-0.018,-0.498
18.775,-0.828,-0.025,-0.497
18.775,-0.819,-0.027,-0.499
18.776,-0.822,-0.025,-0.502
18.777,-0.825,-0.022,-0.492
18.777,-0.825,-0.031,-0.501
18.778,-0.821,-0.028,-0.495
18.778,-0.819,-0.026,-0.499
18.779,-0.828,-0.029,-0.490
18.780,-0.825,-0.028,-0.494
18.780,-0.829,-0.033,-0.497
18.781,-0.825,-0.026,-0.501
18.782,-0.822,-0.027,-0.495
18.786,-0.823,-0.028,-0.502
18.791,-0.819,-0.028,-0.505
18.800,-0.822,-0.031,-0.502
18.803,-0.824,-0.029,-0.496
18.807,-0.822,-0.027,-0.502
18.812,-0.823,-0.022,-0.497
18.817,-0.822,-0.023,-0.503
18.822,-0.820,-0.019,-0.508
18.827,-0.818,-0.024,-0.504
18.834,-0.825,-0.022,-0.502
18.837,-0.827,-0.020,-0.502
18.842,-0.824,-0.021,-0.499
18.847,-0.828,-0.025,-0.498
18.852,-0.827,-0.024,-0.504
18.857,-0.830,-0.028,-0.497
18.862,-0.827,-0.029,-0.497
18.867,-0.831,-0.026,-0.499
18.872,-0.829,-0.024,-0.498
18.877,-0.830,-0.028,-0.500
18.882,-0.827,-0.024,-0.501
18.887,-0.824,-0.025,-0.502
18.892,-0.820,-0.025,-0.492
18.897,-0.818,-0.020,-0.494
18.902,-0.821,-0.028,-0.501
18.907,-0.819,-0.022,-0.497
18.912,-0.829,-0.027,-0.498
18.917,-0.829,-0.028,-0.492
18.922,-0.828,-0.030,-0.495
18.927,-0.829,-0.027,-0.500
18.932,-0.829,-0.031,-0.490
18.938,-0.828,-0.026,-0.497
18.943,-0.826,-0.036,-0.495
18.948,-0.826,-0.025,-0.496
18.953,-0.832,-0.030,-0.502
18.958,-0.827,-0.025,-0.500
18.963,-0.827,-0.025,-0.494
18.968,-0.826,-0.023,-0.498
18.973,-0.821,-0.026,-0.497
18.979,-0.822,-0.024,-0.505
18.983,-0.820,-0.025,-0.495
18.988,-0.821,-0.021,-0.497
18.993,-0.819,-0.024,-0.501
18.999,-0.819,-0.020,-0.501
19.004,-0.819,-0.020,-0.495
19.010,-0.814,-0.024,-0.499
19.018,-0.821,-0.014,-0.496
19.214,-0.819,-0.022,-0.502
19.216,-0.822,-0.023,-0.499
19.218,-0.821,-0.020,-0.492
19.220,-0.821,-0.018,-0.504
19.223,-0.826,-0.017,-0.499
19.224,-0.830,-0.022,-0.501
19.226,-0.833,-0.019,-0.500
19.232,-0.836,-0.024,-0.492
19.234,-0.836,-0.028,-0.501
19.236,-0.832,-0.027,-0.500
19.237,-0.823,-0.026,-0.503
19.239,-0.821,-0.030,-0.508
19.241,-0.823,-0.029,-0.503
19.242,-0.823,-0.030,-0.506
19.244,-0.820,-0.030,-0.505
19.246,-0.820,-0.027,-0.507
19.248,-0.819,-0.031,-0.505
19.249,-0.821,-0.031,-0.504
19.251,-0.823,-0.031,-0.506
19.253,-0.822,-0.029,-0.495
19.278,-0.816,-0.031,-0.496
19.279,-0.823,-0.025,-0.502
19.279,-0.823,-0.021,-0.498
19.280,-0.825,-0.026,-0.499
19.281,-0.827,-0.028,-0.501
19.281,-0.819,-0.028,-0.509
19.285,-0.831,-0.031,-0.499
19.290,-0.828,-0.032,-0.502
19.295,-0.833,-0.034,-0.512
19.300,-0.828,-0.029,-0.502
19.305,-0.829,-0.023,-0.495
19.310,-0.831,-0.026,-0.493
19.315,-0.831,-0.025,-0.503
19.320,-0.825,-0.022,-0.491
19.325,-0.825,-0.027,-0.500
19.330,-0.824,-0.025,-0.490
19.335,-0.826,-0.026,-0.495
19.340,-0.827,-0.023,-0.499
19.345,-0.829,-0.022,-0.499
19.350,-0.825,-0.024,-0.500
19.355,-0.828,-0.022,-0.504
19.360,-0.823,-0.021,-0.505
19.365,-0.819,-0.019,-0.503
19.370,-0.825,-0.022,-0.498
19.375,-0.826,-0.023,-0.496
19.381,-0.825,-0.023,-0.499
19.635,-0.820,-0.024,-0.505
19.636,-0.826,-0.024,-0.501
19.636,-0.828,-0.026,-0.495
19.637,-0.822,-0.025,-0.496
19.638,-0.828,-0.027,-0.503
19.639,-0.824,-0.022,-0.494
19.639,-0.826,-0.022,-0.496
19.640,-0.832,-0.024,-0.499
19.641,-0.824,-0.023,-0.492
19.641,-0.828,-0.020,-0.491
19.642,-0.827,-0.018,-0.502
19.643,-0.827,-0.022,-0.499
19.643,-0.827,-0.023,-0.506
19.644,-0.823,-0.021,-0.500
19.647,-0.821,-0.020,-0.504
19.652,-0.823,-0.022,-0.499
19.657,-0.825,-0.018,-0.494
19.662,-0.821,-0.024,-0.501
19.668,-0.824,-0.024,-0.503
19.673,-0.821,-0.028,-0.500
19.678,-0.819,-0.027,-0.499
19.683,-0.826,-0.024,-0.509
19.688,-0.824,-0.026,-0.503
19.693,-0.824,-0.020,-0.498
19.698,-0.824,-0.026,-0.507
19.703,-0.828,-0.019,-0.503
19.708,-0.822,-0.026,-0.497
19.715,-0.827,-0.018,-0.503
19.718,-0.824,-0.025,-0.505
19.723,-0.825,-0.017,-0.502
19.728,-0.826,-0.024,-0.505
19.735,-0.821,-0.023,-0.488
19.738,-0.822,-0.023,-0.499
19.743,-0.824,-0.025,-0.492
19.748,-0.819,-0.024,-0.492
19.753,-0.825,-0.027,-0.497
19.758,-0.821,-0.027,-0.498
19.763,-0.823,-0.030,-0.497
19.768,-0.823,-0.031,-0.500
19.773,-0.825,-0.024,-0.497
19.778,-0.822,-0.033,-0.497
19.783,-0.826,-0.026,-0.497
19.788,-0.834,-0.029,-0.498
19.793,-0.824,-0.026,-0.504
19.798,-0.826,-0.027,-0.503
19.804,-0.831,-0.025,-0.504
19.808,-0.829,-0.027,-0.506
19.814,-0.832,-0.026,-0.510
19.819,-0.824,-0.024,-0.504
19.824,-0.821,-0.021,-0.510
19.829,-0.822,-0.026,-0.496
19.834,-0.822,-0.027,-0.500
19.839,-0.823,-0.023,-0.499
19.844,-0.822,-0.025,-0.502
20.009,-0.821,-0.025,-0.496
20.010,-0.820,-0.027,-0.499
20.011,-0.824,-0.026,-0.500
20.011,-0.828,-0.022,-0.502
20.012,-0.824,-0.022,-0.502
20.013,-0.827,-0.023,-0.495
20.013,-0.826,-0.025,-0.498
20.015,-0.827,-0.024,-0.498
20.016,-0.824,-0.029,-0.500
20.017,-0.831,-0.023,-0.500
20.017,-0.825,-0.028,-0.504
20.018,-0.827,-0.025,-0.500
20.019,-0.820,-0.029,-0.499
20.019,-0.829,-0.025,-0.499
20.020,-0.819,-0.025,-0.502
20.036,-0.826,-0.023,-0.503
20.037,-0.823,-0.020,-0.500
20.038,-0.823,-0.024,-0.500
20.040,-0.824,-0.029,-0.495
20.045,-0.824,-0.023,-0.498
20.050,-0.824,-0.020,-0.502
20.055,-0.820,-0.029,-0.505
20.060,-0.822,-0.027,-0.500
20.065,-0.827,-0.023,-0.509
20.070,-0.825,-0.022,-0.506
20.076,-0.822,-0.025,-0.500
20.081,-0.823,-0.027,-0.503
20.086,-0.826,-0.029,-0.503
20.091,-0.822,-0.031,-0.508
20.096,-0.820,-0.026,-0.502
20.101,-0.824,-0.026,-0.500
20.106,-0.820,-0.030,-0.499
20.111,-0.825,-0.027,-0.503
20.116,-0.818,-0.031,-0.503
20.121,-0.826,-0.028,-0.501
20.127,-0.827,-0.022,-0.504
20.132,-0.822,-0.025,-0.502
20.137,-0.824,-0.027,-0.506
20.142,-0.823,-0.021,-0.494
20.147,-0.826,-0.024,-0.493
20.152,-0.824,-0.023,-0.500
20.157,-0.821,-0.026,-0.501
20.162,-0.821,-0.023,-0.505
20.167,-0.822,-0.025,-0.501
20.173,-0.825,-0.026,-0.511
20.181,-0.827,-0.023,-0.509
20.185,-0.827,-0.027,-0.501
20.189,-0.822,-0.021,-0.501
20.422,-0.820,-0.026,-0.503
20.423,-0.825,-0.027,-0.500
20.425,-0.825,-0.026,-0.497
20.425,-0.820,-0.021,-0.494
20.426,-0.829,-0.020,-0.501
20.427,-0.822,-0.027,-0.496
20.427,-0.826,-0.021,-0.500
20.428,-0.820,-0.022,-0.500
20.429,-0.819,-0.026,-0.496
20.429,-0.821,-0.029,-0.500
20.430,-0.822,-0.029,-0.501
20.430,-0.821,-0.029,-0.501
20.431,-0.820,-0.053,-0.500
20.432,-0.822,-0.047,-0.496
20.435,-0.823,-0.047,-0.504
20.438,-0.817,-0.042,-0.499
20.443,-0.811,-0.038,-0.499
20.448,-0.812,-0.030,-0.505
20.453,-0.809,-0.023,-0.506
20.458,-0.812,-0.026,-0.504
20.463,-0.818,-0.017,-0.509
20.468,-0.815,-0.012,-0.509
20.473,-0.822,-0.012,-0.510
20.479,-0.819,-0.012,-0.517
20.484,-0.817,-0.019,-0.507
20.489,-0.817,-0.019,-0.515
20.497,-0.817,-0.018,-0.517
20.499,-0.821,-0.025,-0.520
20.504,-0.810,-0.031,-0.524
20.509,-0.807,-0.028,-0.519
20.519,-0.810,-0.029,-0.520
20.520,-0.812,-0.027,-0.511
20.524,-0.807,-0.028,-0.512
20.529,-0.814,-0.024,-0.508
20.534,-0.817,-0.020,-0.510
20.539,-0.817,-0.018,-0.505
20.544,-0.826,-0.017,-0.498
20.549,-0.832,-0.017,-0.494
20.554,-0.829,-0.013,-0.498
20.559,-0.831,-0.016,-0.492
20.564,-0.831,-0.021,-0.497
20.570,-0.832,-0.026,-0.498
20.574,-0.833,-0.026,-0.492
20.579,-0.835,-0.029,-0.494
20.584,-0.828,-0.027,-0.490
20.589,-0.834,-0.032,-0.490
20.594,-0.836,-0.028,-0.492
20.599,-0.834,-0.022,-0.487
20.604,-0.834,-0.020,-0.490
20.610,-0.832,-0.014,-0.496
20.616,-0.837,-0.013,-0.481
20.619,-0.843,-0.012,-0.490
20.850,-0.846,-0.009,-0.484
20.851,-0.839,-0.015,-0.486
20.852,-0.840,-0.020,-0.480
20.852,-0.837,-0.019,-0.489
20.853,-0.831,-0.028,-0.483
20.854,-0.837,-0.030,-0.486
20.854,-0.835,-0.031,-0.489
20.855,-0.833,-0.037,-0.488
20.856,-0.834,-0.040,-0.491
20.857,-0.830,-0.030,-0.495
20.857,-0.836,-0.032,-0.487
20.858,-0.823,-0.031,-0.494
20.859,-0.829,-0.039,-0.501
20.859,-0.830,-0.040,-0.493
20.875,-0.834,-0.039,-0.496
20.876,-0.835,-0.037,-0.501
20.877,-0.835,-0.036,-0.490
20.877,-0.838,-0.029,-0.483
20.881,-0.841,-0.029,-0.486
20.886,-0.838,-0.024,-0.475
20.891,-0.840,-0.022,-0.487
20.896,-0.836,-0.024,-0.486
20.902,-0.831,-0.023,-0.494
20.907,-0.820,-0.024,-0.490
20.912,-0.824,-0.020,-0.500
20.917,-0.812,-0.023,-0.500
20.922,-0.821,-0.017,-0.496
20.927,-0.820,-0.022,-0.501
20.932,-0.820,-0.016,-0.496
20.937,-0.816,-0.021,-0.507
20.942,-0.821,-0.018,-0.506
20.947,-0.820,-0.011,-0.510
20.952,-0.822,-0.019,-0.509
20.957,-0.823,-0.016,-0.505
20.962,-0.827,-0.012,-0.504
20.967,-0.824,-0.010,-0.500
20.972,-0.823,-0.018,-0.499
20.977,-0.832,-0.016,-0.500
20.983,-0.827,-0.015,-0.498
20.988,-0.831,-0.014,-0.501
20.993,-0.826,-0.018,-0.500
20.998,-0.825,-0.020,-0.495
21.003,-0.825,-0.022,-0.496
21.007,-0.824,-0.027,-0.497
21.013,-0.828,-0.028,-0.504
21.017,-0.829,-0.031,-0.501
21.271,-0.823,-0.039,-0.500
21.271,-0.819,-0.036,-0.509
21.272,-0.825,-0.035,-0.502
21.273,-0.826,-0.038,-0.504
21.273,-0.826,-0.036,-0.500
21.274,-0.821,-0.027,-0.513
21.276,-0.826,-0.026,-0.497
21.277,-0.823,-0.024,-0.499
21.278,-0.824,-0.028,-0.491
21.279,-0.826,-0.024,-0.497
21.281,-0.830,-0.024,-0.486
21.282,-0.829,-0.027,-0.493
21.283,-0.825,-0.031,-0.501
21.284,-0.823,-0.036,-0.498
21.285,-0.826,-0.032,-0.499
21.292,-0.824,-0.038,-0.499
21.295,-0.826,-0.032,-0.493
21.299,-0.829,-0.035,-0.500
21.305,-0.827,-0.031,-0.503
21.310,-0.827,-0.034,-0.494
21.315,-0.822,-0.030,-0.503
21.320,-0.823,-0.027,-0.503
21.325,-0.823,-0.030,-0.503
21.330,-0.824,-0.029,-0.502
21.335,-0.820,-0.026,-0.512
21.340,-0.814,-0.022,-0.507
21.345,-0.816,-0.029,-0.503
21.350,-0.818,-0.028,-0.504
21.360,-0.814,-0.027,-0.507
21.361,-0.819,-0.024,-0.505
21.367,-0.821,-0.025,-0.502
21.370,-0.813,-0.024,-0.505
21.376,-0.813,-0.026,-0.508
21.380,-0.819,-0.019,-0.501
21.386,-0.822,-0.019,-0.503
21.391,-0.821,-0.022,-0.503
21.396,-0.823,-0.018,-0.501
21.407,-0.820,-0.017,-0.503
21.412,-0.830,-0.016,-0.500
21.414,-0.832,-0.017,-0.501
21.416,-0.830,-0.020,-0.492
21.425,-0.828,-0.020,-0.494
21.426,-0.829,-0.019,-0.494
21.431,-0.830,-0.021,-0.495
21.436,-0.830,-0.026,-0.492
21.441,-0.831,-0.021,-0.494
21.446,-0.828,-0.026,-0.494
21.451,-0.837,-0.025,-0.488
21.456,-0.833,-0.026,-0.495
21.461,-0.833,-0.027,-0.499
21.466,-0.830,-0.024,-0.490
21.472,-0.835,-0.030,-0.491
21.476,-0.838,-0.032,-0.493
21.481,-0.830,-0.034,-0.498
21.688,-0.834,-0.034,-0.492
21.690,-0.829,-0.032,-0.496
21.692,-0.832,-0.034,-0.498
21.694,-0.829,-0.035,-0.487
21.697,-0.824,-0.032,-0.492
21.701,-0.826,-0.031,-0.492
21.703,-0.824,-0.032,-0.490
21.705,-0.825,-0.031,-0.495
21.707,-0.828,-0.026,-0.498
21.709,-0.823,-0.030,-0.494
21.711,-0.823,-0.025,-0.493
21.713,-0.816,-0.027,-0.501
21.715,-0.827,-0.029,-0.489
21.721,-0.831,-0.025,-0.488
21.723,-0.832,-0.023,-0.490
21.725,-0.835,-0.028,-0.486
21.727,-0.832,-0.023,-0.498
21.728,-0.836,-0.021,-0.491
21.730,-0.841,-0.019,-0.496
21.732,-0.836,-0.022,-0.487
21.733,-0.830,-0.017,-0.490
21.766,-0.831,-0.019,-0.487
21.768,-0.831,-0.024,-0.494
21.769,-0.830,-0.023,-0.496
21.771,-0.828,-0.020,-0.500
21.773,-0.828,-0.021,-0.496
21.775,-0.831,-0.026,-0.493
21.775,-0.831,-0.026,-0.495
21.776,-0.834,-0.035,-0.494
21.778,-0.826,-0.028,-0.490
21.783,-0.825,-0.033,-0.499
21.788,-0.830,-0.031,-0.495
21.793,-0.831,-0.029,-0.498
21.798,-0.822,-0.028,-0.499
21.803,-0.823,-0.029,-0.500
21.808,-0.827,-0.023,-0.488
21.813,-0.825,-0.023,-0.494
21.818,-0.822,-0.024,-0.497
21.823,-0.821,-0.025,-0.493
21.828,-0.822,-0.023,-0.496
21.833,-0.823,-0.025,-0.497
21.838,-0.822,-0.027,-0.497
21.843,-0.823,-0.025,-0.500
21.848,-0.824,-0.021,-0.490
21.853,-0.824,-0.026,-0.497
21.858,-0.821,-0.027,-0.500
21.863,-0.825,-0.022,-0.491
21.868,-0.824,-0.025,-0.504
21.873,-0.826,-0.020,-0.507
21.878,-0.823,-0.025,-0.495
21.883,-0.820,-0.020,-0.503
21.889,-0.818,-0.023,-0.503
21.894,-0.823,-0.024,-0.499
21.899,-0.823,-0.024,-0.507
22.122,-0.825,-0.024,-0.500
22.123,-0.827,-0.031,-0.492
22.124,-0.823,-0.031,-0.492
22.126,-0.830,-0.029,-0.488
22.127,-0.828,-0.035,-0.488
22.128,-0.827,-0.028,-0.493
22.130,-0.828,-0.034,-0.499
22.131,-0.832,-0.035,-0.494
22.132,-0.824,-0.033,-0.496
22.134,-0.825,-0.029,-0.496
22.135,-0.826,-0.025,-0.491
22.137,-0.823,-0.025,-0.492
22.138,-0.830,-0.027,-0.486
22.139,-0.830,-0.026,-0.486
22.141,-0.826,-0.030,-0.499
22.142,-0.830,-0.025,-0.490
22.150,-0.829,-0.030,-0.497
22.152,-0.831,-0.032,-0.493
22.155,-0.835,-0.025,-0.497
22.160,-0.837,-0.024,-0.492
22.165,-0.838,-0.030,-0.492
22.171,-0.831,-0.030,-0.493
22.176,-0.833,-0.027,-0.497
22.181,-0.831,-0.027,-0.496
22.186,-0.824,-0.030,-0.496
22.191,-0.828,-0.019,-0.495
22.196,-0.828,-0.022,-0.496
22.206,-0.822,-0.022,-0.495
22.208,-0.827,-0.026,-0.499
22.212,-0.818,-0.022,-0.500
22.216,-0.821,-0.022,-0.502
22.221,-0.826,-0.029,-0.504
22.226,-0.820,-0.023,-0.496
22.231,-0.826,-0.026,-0.496
22.236,-0.826,-0.025,-0.500
22.241,-0.827,-0.024,-0.493
22.246,-0.828,-0.028,-0.500
22.252,-0.828,-0.022,-0.505
22.256,-0.833,-0.023,-0.498
22.261,-0.827,-0.031,-0.495
22.266,-0.828,-0.030,-0.494
22.271,-0.832,-0.026,-0.486
22.279,-0.824,-0.030,-0.493
22.282,-0.825,-0.028,-0.500
22.287,-0.825,-0.022,-0.504
22.292,-0.827,-0.020,-0.502
22.522,-0.820,-0.031,-0.502
22.524,-0.823,-0.030,-0.500
22.526,-0.820,-0.031,-0.499
22.530,-0.827,-0.031,-0.505
22.532,-0.812,-0.028,-0.496
22.535,-0.822,-0.028,-0.492
22.536,-0.822,-0.028,-0.492
22.539,-0.823,-0.024,-0.504
22.541,-0.824,-0.022,-0.500
22.542,-0.827,-0.026,-0.489
22.550,-0.826,-0.022,-0.495
22.551,-0.822,-0.024,-0.494
22.553,-0.827,-0.032,-0.496
22.555,-0.825,-0.026,-0.497
22.556,-0.828,-0.024,-0.502
22.558,-0.828,-0.031,-0.495
22.560,-0.826,-0.025,-0.503
22.561,-0.826,-0.026,-0.506
22.563,-0.829,-0.029,-0.495
22.565,-0.826,-0.027,-0.501
22.566,-0.825,-0.025,-0.503
22.598,-0.829,-0.027,-0.501
22.600,-0.824,-0.027,-0.496
22.601,-0.822,-0.022,-0.495
22.603,-0.819,-0.028,-0.498
22.605,-0.826,-0.031,-0.495
22.606,-0.827,-0.026,-0.498
22.608,-0.821,-0.026,-0.492
22.609,-0.827,-0.021,-0.500
22.611,-0.831,-0.030,-0.494
22.621,-0.820,-0.028,-0.497
22.623,-0.825,-0.026,-0.493
22.625,-0.826,-0.029,-0.498
22.629,-0.821,-0.024,-0.496
22.634,-0.817,-0.026,-0.497
22.639,-0.822,-0.025,-0.498
22.644,-0.826,-0.024,-0.498
22.649,-0.820,-0.026,-0.498
22.654,-0.827,-0.024,-0.496
22.659,-0.826,-0.026,-0.500
22.664,-0.822,-0.023,-0.500
22.669,-0.823,-0.028,-0.499
22.674,-0.827,-0.028,-0.490
22.679,-0.834,-0.026,-0.495
22.684,-0.828,-0.026,-0.504
22.689,-0.827,-0.023,-0.502
22.695,-0.824,-0.022,-0.503
22.699,-0.827,-0.023,-0.489
22.704,-0.828,-0.025,-0.495
22.709,-0.827,-0.026,-0.499
22.715,-0.827,-0.022,-0.498
22.720,-0.823,-0.026,-0.492
22.725,-0.828,-0.022,-0.496
22.729,-0.826,-0.022,-0.495
22.735,-0.826,-0.023,-0.486
22.740,-0.829,-0.021,-0.493
22.745,-0.831,-0.021,-0.492
22.750,-0.830,-0.023,-0.480
22.755,-0.834,-0.021,-0.487
22.760,-0.832,-0.024,-0.492
23.017,-0.836,-0.021,-0.491
23.019,-0.829,-0.026,-0.490
23.020,-0.830,-0.027,-0.497
23.022,-0.830,-0.027,-0.496
23.023,-0.826,-0.031,-0.499
23.025,-0.824,-0.036,-0.495
23.025,-0.820,-0.031,-0.502
23.026,-0.826,-0.030,-0.506
23.027,-0.822,-0.035,-0.507
23.027,-0.827,-0.034,-0.504
23.028,-0.824,-0.033,-0.505
23.029,-0.822,-0.029,-0.506
23.029,-0.826,-0.026,-0.497
23.030,-0.823,-0.028,-0.490
23.031,-0.830,-0.023,-0.497
23.036,-0.827,-0.027,-0.500
23.037,-0.822,-0.022,-0.497
23.042,-0.823,-0.022,-0.501
23.047,-0.823,-0.026,-0.501
23.052,-0.823,-0.025,-0.492
23.057,-0.825,-0.026,-0.496
23.062,-0.823,-0.018,-0.492
23.067,-0.824,-0.020,-0.497
23.072,-0.822,-0.025,-0.489
23.077,-0.823,-0.024,-0.487
23.082,-0.825,-0.024,-0.492
23.087,-0.835,-0.022,-0.492
23.092,-0.833,-0.021,-0.499
23.097,-0.830,-0.023,-0.493
23.102,-0.830,-0.026,-0.496
23.107,-0.827,-0.025,-0.506
23.112,-0.825,-0.029,-0.497
23.117,-0.832,-0.026,-0.501
23.122,-0.831,-0.026,-0.504
23.127,-0.829,-0.032,-0.502
23.132,-0.833,-0.031,-0.499
23.137,-0.831,-0.028,-0.495
23.142,-0.827,-0.029,-0.489
23.147,-0.822,-0.030,-0.494
23.152,-0.824,-0.027,-0.493
23.309,-0.824,-0.030,-0.488
23.311,-0.826,-0.023,-0.496
23.312,-0.822,-0.028,-0.493
23.314,-0.828,-0.031,-0.486
23.315,-0.829,-0.027,-0.492
23.316,-0.822,-0.026,-0.494
23.318,-0.831,-0.027,-0.493
23.319,-0.833,-0.027,-0.491
23.320,-0.837,-0.026,-0.496
23.322,-0.826,-0.028,-0.497
23.326,-0.825,-0.025,-0.491
23.328,-0.829,-0.024,-0.504
23.330,-0.825,-0.021,-0.502
23.331,-0.822,-0.024,-0.493
23.333,-0.826,-0.023,-0.490
23.334,-0.820,-0.023,-0.498
23.336,-0.825,-0.032,-0.492
23.368,-0.824,-0.026,-0.498
23.370,-0.827,-0.026,-0.492
23.372,-0.825,-0.023,-0.493
23.374,-0.826,-0.027,-0.492
23.375,-0.828,-0.027,-0.496
23.376,-0.820,-0.028,-0.500
23.376,-0.831,-0.025,-0.493
23.377,-0.826,-0.025,-0.498
23.380,-0.834,-0.026,-0.499
23.384,-0.829,-0.022,-0.498
23.389,-0.829,-0.028,-0.500
23.394,-0.831,-0.023,-0.504
23.399,-0.829,-0.022,-0.495
23.404,-0.828,-0.026,-0.492
23.409,-0.827,-0.024,-0.495
23.414,-0.827,-0.027,-0.503
23.419,-0.821,-0.028,-0.492
23.424,-0.827,-0.027,-0.496
23.429,-0.823,-0.025,-0.501
23.434,-0.826,-0.029,-0.504
23.439,-0.822,-0.025,-0.496
23.444,-0.827,-0.027,-0.502
23.450,-0.822,-0.030,-0.496
23.455,-0.830,-0.029,-0.496
23.460,-0.827,-0.027,-0.490
23.465,-0.827,-0.030,-0.492
23.470,-0.828,-0.030,-0.495
23.475,-0.826,-0.024,-0.495
23.480,-0.835,-0.027,-0.489
23.485,-0.830,-0.022,-0.495
23.490,-0.832,-0.027,-0.496
23.495,-0.830,-0.030,-0.492
23.500,-0.826,-0.021,-0.495
23.505,-0.828,-0.027,-0.498
23.510,-0.828,-0.026,-0.492
23.515,-0.826,-0.022,-0.496
23.520,-0.824,-0.021,-0.499
23.525,-0.823,-0.025,-0.492
23.530,-0.824,-0.026,-0.492
23.536,-0.826,-0.025,-0.500
23.540,-0.830,-0.025,-0.500
23.545,-0.830,-0.026,-0.495
23.550,-0.828,-0.029,-0.499
23.555,-0.827,-0.022,-0.494
23.790,-0.824,-0.031,-0.503
23.792,-0.822,-0.038,-0.496
23.794,-0.823,-0.031,-0.500
23.795,-0.829,-0.032,-0.495
23.797,-0.826,-0.023,-0.497
23.798,-0.824,-0.028,-0.497
23.800,-0.828,-0.029,-0.501
23.802,-0.828,-0.025,-0.494
23.805,-0.828,-0.028,-0.494
23.807,-0.827,-0.020,-0.500
23.809,-0.831,-0.026,-0.490
23.811,-0.832,-0.019,-0.502
23.813,-0.821,-0.034,-0.500
23.815,-0.816,-0.031,-0.500
23.816,-0.827,-0.035,-0.498
23.818,-0.819,-0.034,-0.499
23.824,-0.814,-0.032,-0.508
23.826,-0.825,-0.037,-0.501
23.827,-0.822,-0.034,-0.504
23.827,-0.819,-0.029,-0.502
23.834,-0.822,-0.031,-0.506
23.837,-0.817,-0.029,-0.505
23.842,-0.820,-0.027,-0.500
23.847,-0.817,-0.026,-0.504
23.852,-0.816,-0.026,-0.509
23.857,-0.813,-0.017,-0.503
23.863,-0.819,-0.022,-0.505
23.867,-0.815,-0.019,-0.504
23.873,-0.818,-0.018,-0.502
23.878,-0.824,-0.017,-0.502
23.883,-0.822,-0.023,-0.500
23.888,-0.825,-0.022,-0.495
23.893,-0.821,-0.028,-0.496
23.898,-0.819,-0.021,-0.488
23.903,-0.822,-0.022,-0.490
23.908,-0.827,-0.024,-0.489
23.913,-0.826,-0.022,-0.484
23.918,-0.831,-0.026,-0.489
23.923,-0.830,-0.022,-0.502
24.110,-0.830,-0.027,-0.495
24.111,-0.837,-0.022,-0.498
24.112,-0.832,-0.022,-0.492
24.113,-0.829,-0.022,-0.493
24.113,-0.832,-0.020,-0.494
24.115,-0.834,-0.023,-0.491
24.115,-0.831,-0.026,-0.490
24.116,-0.832,-0.022,-0.496
24.117,-0.830,-0.021,-0.492
24.118,-0.831,-0.031,-0.495
24.119,-0.834,-0.030,-0.487
24.120,-0.834,-0.027,-0.483
24.121,-0.826,-0.024,-0.501
24.122,-0.825,-0.024,-0.504
24.142,-0.828,-0.027,-0.498
24.143,-0.824,-0.023,-0.499
24.144,-0.819,-0.028,-0.503
24.145,-0.818,-0.030,-0.500
24.145,-0.823,-0.029,-0.495
24.150,-0.820,-0.034,-0.497
24.155,-0.820,-0.025,-0.492
24.160,-0.823,-0.025,-0.496
24.165,-0.822,-0.026,-0.497
24.170,-0.832,-0.022,-0.491
24.175,-0.826,-0.023,-0.489
24.180,-0.826,-0.022,-0.488
24.185,-0.833,-0.026,-0.490
24.190,-0.831,-0.029,-0.489
24.195,-0.831,-0.030,-0.493
24.200,-0.837,-0.030,-0.495
24.205,-0.830,-0.028,-0.491
24.210,-0.833,-0.029,-0.493
24.215,-0.832,-0.033,-0.503
24.220,-0.829,-0.030,-0.493
24.225,-0.828,-0.025,-0.497
24.230,-0.827,-0.028,-0.500
24.235,-0.830,-0.023,-0.496
24.240,-0.832,-0.025,-0.498
24.245,-0.830,-0.020,-0.497
24.250,-0.827,-0.025,-0.498
24.255,-0.834,-0.018,-0.490
24.260,-0.824,-0.020,-0.489
24.265,-0.828,-0.025,-0.489
24.270,-0.830,-0.024,-0.490
24.276,-0.831,-0.027,-0.489
24.281,-0.835,-0.033,-0.492
24.286,-0.826,-0.029,-0.496
24.291,-0.826,-0.030,-0.485
24.296,-0.831,-0.027,-0.496
24.301,-0.829,-0.028,-0.495
24.306,-0.823,-0.024,-0.501
24.311,-0.820,-0.026,-0.501
24.316,-0.827,-0.020,-0.496
24.321,-0.819,-0.019,-0.495
24.326,-0.826,-0.022,-0.491
24.331,-0.825,-0.019,-0.497
24.336,-0.827,-0.018,-0.495
24.341,-0.827,-0.024,-0.500
24.610,-0.825,-0.028,-0.496
24.611,-0.826,-0.035,-0.498
24.612,-0.828,-0.037,-0.488
24.612,-0.823,-0.033,-0.496
24.613,-0.827,-0.032,-0.492
24.613,-0.826,-0.027,-0.499
24.614,-0.828,-0.025,-0.497
24.615,-0.818,-0.033,-0.490
24.615,-0.824,-0.025,-0.492
24.616,-0.829,-0.019,-0.495
24.617,-0.823,-0.022,-0.487
24.617,-0.824,-0.018,-0.496
24.618,-0.820,-0.021,-0.499
24.619,-0.819,-0.028,-0.495
24.623,-0.821,-0.029,-0.496
24.628,-0.824,-0.021,-0.489
24.633,-0.824,-0.021,-0.484
24.638,-0.828,-0.023,-0.490
24.643,-0.832,-0.024,-0.491
24.648,-0.828,-0.019,-0.490
24.653,-0.827,-0.025,-0.492
24.658,-0.836,-0.024,-0.487
24.663,-0.829,-0.021,-0.495
24.668,-0.832,-0.034,-0.496
24.673,-0.837,-0.030,-0.493
24.685,-0.826,-0.028,-0.496
24.686,-0.829,-0.027,-0.492
24.689,-0.829,-0.032,-0.500
24.694,-0.830,-0.032,-0.494
24.699,-0.825,-0.028,-0.493
24.704,-0.823,-0.026,-0.493
24.709,-0.826,-0.029,-0.492
24.714,-0.830,-0.026,-0.488
24.719,-0.831,-0.025,-0.490
24.724,-0.832,-0.029,-0.495
24.729,-0.828,-0.029,-0.491
24.734,-0.831,-0.024,-0.497
24.739,-0.834,-0.033,-0.497
24.744,-0.830,-0.027,-0.497
24.749,-0.827,-0.033,-0.495
24.754,-0.827,-0.027,-0.500
24.759,-0.825,-0.028,-0.507
24.923,-0.824,-0.028,-0.496
24.925,-0.828,-0.030,-0.502
24.927,-0.825,-0.025,-0.499
24.929,-0.823,-0.019,-0.499
24.930,-0.827,-0.017,-0.506
24.935,-0.824,-0.021,-0.497
24.937,-0.822,-0.021,-0.496
24.939,-0.822,-0.019,-0.496
24.941,-0.829,-0.017,-0.501
24.942,-0.820,-0.021,-0.501
24.944,-0.825,-0.020,-0.492
24.954,-0.822,-0.020,-0.495
24.955,-0.824,-0.026,-0.496
24.956,-0.825,-0.024,-0.487
24.956,-0.824,-0.029,-0.494
24.957,-0.822,-0.024,-0.499
24.958,-0.826,-0.028,-0.490
24.958,-0.822,-0.024,-0.493
24.959,-0.826,-0.027,-0.506
24.972,-0.831,-0.022,-0.496
24.972,-0.827,-0.027,-0.495
24.973,-0.830,-0.024,-0.495
24.977,-0.827,-0.025,-0.494
24.980,-0.830,-0.025,-0.498
24.985,-0.830,-0.026,-0.496
24.991,-0.827,-0.033,-0.496
24.996,-0.825,-0.035,-0.493
